claim_amount,location_consistency,weather_correlation,claim_frequency,time_anomalies,is_fraud
22169.632617889078,0.8200324421789954,0.8808782074149542,2.176985231796641,0.23408874387010153,0
84946.3437357147,0.24156755017944098,0.07555895754460329,6.610225084026835,0.5184954297297105,1
66742.85870580381,0.19267297797292232,0.3401566440251539,5.319697593270535,0.8750496628879862,1
21910.604019558,0.7073492538246349,0.7822630944379623,0.45096517064187835,0.3112838715994881,0
19542.940449704485,0.9177179939944117,0.6581694822159967,1.4630142392119736,0.2580060044474125,0
13977.13383123726,0.7086006757567698,0.9443299649166954,2.19842042165368,0.24816004890105903,0
21296.451238160735,0.8645668517926772,0.8543026136828158,1.0790222593300722,0.3455063319443071,0
18416.740859383353,0.7136334959943408,0.9772909551501479,2.1968962139110677,0.01970099640233424,0
30340.16543928018,0.2201283351815344,0.2268569728473619,3.5904689671291856,0.5713384889081019,1
19153.522402771847,0.7116523852068627,0.9706479575241418,1.2357025106659414,0.23509235770724674,0
83565.70896115313,0.05641114297156963,0.20803729133812565,6.95300845792111,0.8087996074149069,1
19372.026662856002,0.7319114510687403,0.8623007744844103,0.4188912480941529,0.25592531243001904,0
21191.725999715454,0.7951644660781987,0.9084336684198004,0.9065956954196988,0.30015119664343726,0
73838.28148422905,0.521720029814978,0.28459314976479644,2.7397983357476443,0.9086252434654207,1
60509.87939257867,0.2821080986577492,0.4561553479652709,4.072583883160381,0.7565762700337049,1
36529.22085479929,0.29582066834156806,0.12929442027147436,6.604673428646145,0.8380248014641398,1
15834.47885097679,0.9025095842496498,0.8987873712192579,2.176171985155018,0.01783245906741371,0
36118.3292485964,0.12314127045873505,0.20182648727550517,4.058439028637246,0.7462186406385843,1
67766.60120899763,0.33734651972767826,0.4535718636264141,5.115705106410937,0.8007304214950791,1
17879.25646302626,0.9720762113307722,0.7904014624811208,2.155639680831986,0.29481870723256093,0
15116.399129918482,0.70574260906048,0.6773064643254695,0.38542987938578377,0.042884023546381676,0
17671.445283439585,0.9568502039148229,0.7059223128174106,0.7127717494538699,0.07120656317913397,0
16114.479200712363,0.7933558838345044,0.9625831221936987,1.8479048651678933,0.001490084139751352,0
15041.052564572152,0.8380025947299586,0.982683451820135,2.0232345846433164,0.3275663604390127,0
16963.87098902679,0.8212687120346496,0.7883239154071434,0.19643064913290098,0.10732475217627435,0
18180.485208771323,0.7790201861449334,0.9228554630763206,1.2527525091274414,0.12116529781226897,0
13953.04271516943,0.7287011939748284,0.9486978529673333,0.3268395437418742,0.043356637302538886,0
46422.629858506974,0.44004241957558843,0.2412163188934306,3.148033461730333,0.6386236578217819,1
62272.51484772283,0.4229497572348442,0.4108834013981761,2.01697196743796,0.7264574376445001,1
62261.50246563834,0.108142849437861,0.33117096455032835,3.1545503955965835,0.8600637883504014,1
17398.64746160263,0.9321112333640561,0.7530716500681267,1.08206670346198,0.1426323217648062,0
26375.210326311782,0.9525390018178426,0.8689476386600773,0.9051410273718942,0.2197437382928447,0
19457.1723236061,0.817336750535489,0.9186947990153764,0.24742936765241985,0.11487558891307709,0
23084.680856710285,0.94288000066048,0.702987910837928,0.6853914414440808,0.08737167268063606,0
15243.249680112,0.7912859594932311,0.8478421643571263,1.0898675301479905,0.0501125479315119,0
14945.367364996095,0.8059585184814655,0.8432163192353184,0.5858270073859674,0.2831704934715425,0
17267.984539568148,0.823854955516458,0.9191668072585482,0.8816319199586125,0.16599232746910544,0
10892.201149600647,0.7838332593273297,0.7155248169114953,0.13023654334664272,0.3361942673735249,0
64776.32100218073,0.05328385916931438,0.4081631291160788,5.931243204966094,0.4976820047302166,1
23340.234458212864,0.9312267493944634,0.7471453549871365,0.5124583696258086,0.052216420624730836,0
24407.25879535905,0.8560832776260237,0.9984508308533665,1.4990649582516204,0.2896688011819847,0
11645.556377739824,0.9486936827022171,0.765562642101282,0.8893157411980643,0.08697411045020574,0
14194.726417951135,0.8508656524006315,0.7795944690272323,0.9881481795063076,0.15518119460131585,0
39222.21918441639,0.42076891220541246,0.05354586547906315,3.5483040995204878,0.9757022258503258,1
20431.407579263585,0.8832583980056619,0.7316600648933435,1.2810021984632165,0.258576198949344,0
18413.58331277836,0.9662500066007793,0.9028626615928417,0.9260616992600026,0.0984979899816692,0
81130.2194852859,0.3394613007664396,0.04763329929481164,6.406002925688676,0.671190896297115,1
22203.134642204725,0.8913219967746354,0.9761796641691425,0.30628930375466823,0.26256619136657144,0
11689.847778041294,0.770679090166315,0.8533418759403482,1.7097231399609052,0.09570994737489158,0
44112.911761878684,0.31666438252298135,0.11962092695789944,6.867135708829773,0.8738822246914711,1
20520.72138896039,0.900862375372069,0.9739951729521639,0.13455802433338115,0.10733785913415869,0
70501.2904832142,0.4729641455325512,0.08514674689051888,4.775966053559843,0.6517039791364033,1
12379.871646540725,0.8703147472029515,0.7494929063551629,1.4377778208801861,0.29460542806460743,0
22150.223576275304,0.8128679361982837,0.7929546708025347,2.085737807140154,0.2273095465006752,0
24282.58068145613,0.9417600042151613,0.8245395679128635,1.9611145462664488,0.24787482598047111,0
20138.314037447453,0.7350545373172954,0.8966405396025237,1.0565790131443058,0.27280524520989236,0
13390.815093365009,0.8088495795729287,0.9746579933376815,2.0311646504307994,0.05005505210937896,0
12723.802217405057,0.7652318869381659,0.7726208527363322,2.098057133471252,0.308104507654788,0
27295.958696243048,0.8990979139830457,0.8671305609181357,2.0673196993564185,0.128418007262724,0
71014.46341436786,0.10957724858072779,0.4391415652680051,7.953490236611397,0.955441850416646,1
14991.385565101324,0.9256994157817284,0.8349728568753552,1.7433992289006366,0.1257517047462784,0
23487.050829620126,0.8184265942149334,0.6821021998951502,0.2058622819765659,0.22757109333941522,0
17558.77701978063,0.7893917406680384,0.7424872062532472,1.76157669642185,0.2877843176948578,0
17681.829511472548,0.9586905983367675,0.8415529957924286,1.0848160935019382,0.3023907836750652,0
10911.434968986161,0.9230344565918585,0.6564246177479927,1.287811390713454,0.17299757155181375,0
13280.067785501415,0.8795560186955681,0.9784968824934033,0.9161406346997172,0.34418854861526693,0
16909.550039353795,0.7501315413886888,0.857269058431333,1.131031992574908,0.18622305277853674,0
64990.15721476897,0.13236047092951142,0.33874198186806026,5.715777595980058,0.867048637820095,1
18395.641346813056,0.7179601944529609,0.7884595158583783,1.3066371934792986,0.2519063482052369,0
18340.100041002086,0.7389696099554944,0.8683784992020888,1.3188655919309973,0.002923710809588564,0
8866.051346393275,0.8614759378793742,0.7147235571452383,0.6107721641931568,0.21476583752878883,0
17298.809735406987,0.7562922327539897,0.655894718841267,1.2662059072048684,0.17177526519275865,0
28251.666127621094,0.7694411113620768,0.8556124374331586,1.9975772735163113,0.2057419511095506,0
58446.08310677376,0.4315651910500044,0.4233657354037363,7.835303871286824,0.6187236409099968,1
23434.270071753148,0.9295225779314129,0.6927618298193983,0.4085356049808999,0.16636350639780267,0
23461.80493730111,0.8471835025150749,0.9723103598927463,2.0547389715439226,0.016632543305956402,0
15325.116966384505,0.9306288506826573,0.7876838192379612,2.0024104825638522,0.04448693167957009,0
22075.180716919218,0.7110292728941235,0.7588463165352629,2.120284252518253,0.11581533142586282,0
14912.940524458456,0.7278349759769202,0.9900488885563754,1.674320749149881,0.25982768943997486,0
16227.171941999706,0.7639876038604574,0.6825542650235702,2.100660104198403,0.30618868800388305,0
14530.33879918476,0.7562457218156813,0.8836158248289024,2.1874288316480723,0.33399692401909953,0
14989.82220819667,0.7658684520557668,0.8180774467621212,1.8380374112124105,0.02385579332377275,0
19152.99201477307,0.8283605375239259,0.7969529138946768,1.5804267813256165,0.24120767165411164,0
20967.338516476462,0.7038894795993832,0.8458047705435026,1.013636432196809,0.12036130589789264,0
12000.851565563276,0.8213586875351506,0.9179232261942085,1.8787295232400067,0.052452588016844326,0
12510.572495946668,0.7022863356355856,0.9084792914730891,0.9537525159692207,0.2590431434135377,0
42177.70437461389,0.3054628979281315,0.28418866547730604,5.988295930670677,0.7296548350963826,1
51775.63415235518,0.15898432301340773,0.2780211629051241,4.3969384942806125,0.9722019281197192,1
74003.14648256375,0.2763972635189007,0.37278643025300806,5.308597219390089,0.8910690402791672,1
12603.105508046305,0.7002377471546095,0.8250793653817536,1.8419663008057674,0.10774548235001627,0
13521.800329760124,0.9512771690794288,0.9837357061707255,0.5259141780916623,0.33095141325969385,0
20941.754789399412,0.8606405000875336,0.6618965551419732,2.0539068226623383,0.2740196300520581,0
11195.984165822436,0.844040376439411,0.6942535431249888,0.15433972699895068,0.16780780653965605,0
17617.332097501778,0.7044864541574686,0.9463142917378092,0.6790068024723568,0.141823503815125,0
52995.07639658341,0.12806681972002348,0.37687029674635913,2.060363349943403,0.80065531955544,1
11537.906562559936,0.8659957574287234,0.7799463632021466,1.9543617181832795,0.2852482254968909,0
49655.01613330952,0.4024362440323093,0.386494910990911,4.809467242532687,0.6817682000588665,1
16517.425817740903,0.7861994683787943,0.9739729273299647,1.6581988243786339,0.02674670200492874,0
21010.312072668676,0.8498074759616567,0.8521496526324759,0.4388459541748586,0.16913774727107478,0
20842.04170669961,0.5375910922545919,0.3334004215061157,2.618016292294546,0.5780758290105109,1
74539.56143917194,0.03827231099487439,0.11134587762098275,3.3666163269189235,0.5785030990288091,1
19156.0939980339,0.7412126028854779,0.6863600821955321,0.25099231159749935,0.013723772848047792,0
81243.66494276271,0.4182461758942581,0.219946847310919,6.359924447717856,0.7662614114464882,1
12106.995423651024,0.7720206336663773,0.8806060198948562,1.1352732533492875,0.034905678601052904,0
12355.131956947771,0.8562863090171952,0.7708287892884715,1.4696250374073554,0.32932625222788875,0
13694.690156864464,0.871927571921002,0.9669104431157998,1.4566132247267056,0.24609268278953067,0
14357.804968234042,0.9563807182441861,0.9406137389505381,0.9663680190324399,0.05778861318935437,0
34706.478038730864,0.02639742111307359,0.3882292769702951,7.760223435814979,0.8002362135058722,1
18374.88531142432,0.8131228983328642,0.756014187970551,2.146610713316254,0.2810883487071069,0
83216.99696176569,0.43187060546089723,0.07487541497639472,2.755179589973241,0.8131497977998865,1
21567.395311849876,0.7873850945095365,0.7157549192878543,1.427080956003168,0.13363954462805994,0
47855.97136832886,0.12846498226921363,0.38096386193005416,3.3463237990702615,0.9229175630981636,1
81982.4361234714,0.2664613061672301,0.46371038583112906,6.526442739054733,0.5581542351244188,1
28406.82835916659,0.4337063735949226,0.4108397738651224,4.459045407181986,0.9393262997312257,1
15710.648629366178,0.9082189710392223,0.6516594174304288,1.0167430816571432,0.3385817983286247,0
20624.313072964538,0.8060477679077362,0.6767362092021246,0.6935210824776975,0.005253528084369907,0
15486.931051664744,0.9687049337786713,0.8326757363593329,0.8368988410251679,0.1536865525338917,0
32359.76112184778,0.5433795678206931,0.22339873253078324,6.525473482823714,0.8390100665275354,1
11690.916939718898,0.94144492073841,0.7541722651057796,1.3864952011456788,0.009168455058400754,0
13525.499057878726,0.8333697103298274,0.844358607036091,1.6403399319426797,0.2966892868445189,0
57040.49578269052,0.42197308769425,0.40395461849088843,6.531995654884679,0.7702334679091545,1
13793.089659513364,0.8985543748813596,0.8441677321210956,1.6444876162999398,0.016199409285629966,0
69420.41586714804,0.3174400488943533,0.4689716680914678,2.149840817074104,0.7211234550102437,1
15373.94555623605,0.805450595793226,0.8348427533195487,1.301714964041683,0.30706831664970013,0
16022.296210367022,0.8989515406120074,0.7104804822441062,1.3137440395220066,0.06775599927053348,0
14679.015931602999,0.7455701388059474,0.9960791278295256,0.10980751428178882,0.011349714257590193,0
11666.923543060075,0.7755560860845516,0.805206457025301,2.1991311296357567,0.2850689721442185,0
26091.716869413896,0.971465252129222,0.6711348111342889,0.5518495798892041,0.26677217020913147,0
46087.523556434746,0.08517839624826612,0.23742095201529295,3.692511342942254,0.49859908529414576,1
72757.56406255094,0.05786501244428808,0.3067981760456424,3.3534496832980465,0.8395961774941216,1
10304.712443581811,0.9366370957005061,0.7270257317367032,0.8805206152188007,0.3401657123267453,0
55558.46179300165,0.3203471135224087,0.41465648162334295,4.817315241758691,0.6513679316860828,1
18165.825720453668,0.7940908439926382,0.8037863867689041,1.3880494084550472,0.05128703470782239,0
93894.1946418359,0.3198599838643675,0.17326393198196705,5.104639780598944,0.7887734431756815,1
14943.340341723855,0.8066912612482116,0.700321665153435,1.4762863974719036,0.059240266032931116,0
18585.51278669999,0.9399775852070724,0.7559439521665867,1.018581389753095,0.3317910719566235,0
17045.581382872893,0.783270085793039,0.9589201074998446,1.052008991859617,0.2889442777854324,0
15571.427758774953,0.9692212045057575,0.851721162307732,1.8134933551937216,0.0979463232767103,0
23364.471244176384,0.9320301905416917,0.959623216668249,1.2148542076059452,0.17604502351968593,0
21981.316328357865,0.9073238642973556,0.7754935296388309,1.752416456197247,0.05253046331139268,0
11517.174206650569,0.7102092825536436,0.833529623686511,2.1769462320538513,0.24136937755477894,0
19178.316477038465,0.7053281052725466,0.8057018933215412,0.7202668864872313,0.02501485178448569,0
47557.505460552165,0.4239971688794941,0.08351705666249165,5.591435435552088,0.6742532977320193,1
21526.92056938636,0.8712599051136968,0.7926842024583074,1.9430927549181432,0.11902579487859909,0
70515.72683116788,0.015891935681991334,0.30974829171086055,7.6591870799776025,0.7791039899104502,1
68487.61266746305,0.24863015418164144,0.4521894149173295,2.0714939578595324,0.5292670506269619,1
54345.54955091755,0.5081985303751045,0.32772584370593855,6.409019251690182,0.8134988669016634,1
17177.44396410695,0.8038080677640073,0.9080175961362524,1.244353776711129,0.12486937985711043,0
105298.23995409535,0.11771295043256244,0.13215726853942017,4.251245381957055,0.6761755194638256,1
18453.66134425382,0.8260178207702144,0.8203747567322905,0.46317036986504456,0.07022819426022697,0
20666.635872323128,0.9113365048731343,0.8595859989342355,0.8192332499084388,0.2767700690548179,0
23455.596135350897,0.7703137893595041,0.6546853855921674,2.0353459625508967,0.17558792202637719,0
57220.69176479551,0.3482252641343392,0.4587396975086935,4.416438722433047,0.8481405517457158,1
19183.518815711548,0.9640227244881091,0.8920501345162433,2.1484781340470387,0.12754140320912702,0
44847.02323097136,0.06568749927080533,0.4816105401385108,4.710834257364418,0.7562306428400323,1
13865.308733484104,0.8776450417211253,0.7540944485174975,1.852435948592718,0.30244095636754,0
16433.819186816883,0.9539059935219065,0.7391779368125215,0.22639250395014957,0.26389453988159456,0
13504.158329055725,0.8024324577132353,0.6979260681088112,1.6451316569381964,0.03294023096737373,0
14450.586568453507,0.9731523962084205,0.8677229806298704,0.8190190804530928,0.2675879639425948,0
77351.44401742292,0.28043764541347577,0.005625240473957127,7.14402051325477,0.680967150640408,1
11256.093724165337,0.9934638950317738,0.7340060270863462,1.657994053678025,0.1512915450327712,0
87349.92910449761,0.48669991562884957,0.15563869891034232,5.665478988146283,0.7324347841382963,1
22475.144461802985,0.9427048709500473,0.9787341396639648,1.1690233773610625,0.08373543652523596,0
12161.663167446073,0.7578170620572642,0.6852642359359556,0.8299353288513412,0.3111939284696274,0
53931.097502515055,0.49156139370874785,0.4273502830537865,6.154405856983286,0.7134789369208058,1
18378.801441733514,0.8780753175233492,0.9201061131123549,0.1845989407216832,0.0817444942184209,0
14617.936420966553,0.819138589364355,0.7308631121759563,0.6741948576356577,0.008144324064274016,0
18101.435978325673,0.8668161369277335,0.7573802178139419,1.685053184025549,0.1465992567303372,0
26405.91931898259,0.8400560838613158,0.8829143657136629,0.6726908021200577,0.022446019762440903,0
16705.09883919128,0.7935903251481475,0.6632361204142169,2.128096877356533,0.048388846545671216,0
15047.133929086023,0.9335083363106845,0.8823735081335158,1.8488238056379664,0.20838571752973414,0
13117.125476020356,0.9977897234773505,0.8986914128415707,1.8963641179926545,0.18680952440805423,0
15079.802799492865,0.9594072484290196,0.9042476341181265,0.2160511844414526,0.13480519024041837,0
76468.16473550086,0.23085801925277283,0.29483830475380896,7.081420298760348,0.6067438956283819,1
20420.66022279304,0.7110571786092444,0.9968249543465189,0.6342302431581265,0.14915582779853487,0
14484.44131641851,0.7403665681185531,0.7192177403460602,1.7999475308850763,0.12844572563640697,0
19538.241388130988,0.9743162978589262,0.8185459748216033,0.5097579594274726,0.23529424289759943,0
20250.106620974886,0.7055645216462887,0.7538591870726905,0.5579705907406955,0.15205573897795044,0
53126.75592785488,0.4929659756732343,0.38050979105553573,7.164041711884042,0.7946928531459563,1
13204.34690656207,0.9813765586020768,0.8234778169290576,1.964097543090258,0.2521361139204016,0
21367.131746901345,0.9305111417961339,0.9406404901610861,1.7229919327236327,0.0354271715062934,0
17912.49734612951,0.9503921703356102,0.6989913465415938,2.029219730922524,0.13291760576049788,0
6827.487971537885,0.7828317477091529,0.8434108794879516,1.6074746960982298,0.21520341521597483,0
18473.977119265455,0.8697314132365178,0.8512946959966085,0.311865447555974,0.13116929221370024,0
71151.14580802475,0.011558389739665888,0.3104912009988049,7.343775994577122,0.5576902492963786,1
16269.222507147519,0.8840947284963852,0.9990863999221375,0.700929200839757,0.14896137824698238,0
12106.38399229501,0.8533331426339396,0.6765479323837243,0.2801003868727711,0.22826235149138227,0
10642.739470358061,0.7869946349737018,0.8889754718318968,0.5165113497440003,0.3471085682739086,0
36332.605658004955,0.4557106739508622,0.21450310929087474,2.5100829434796257,0.5385145599886113,1
72782.64073023063,0.16232882345380778,0.1079954158437536,6.564832258297423,0.9526330629406758,1
80663.29156979821,0.42829128035089087,0.1563390800550964,5.3133055381178895,0.8442565310194525,1
53613.20459362745,0.5010962834036319,0.14445686302672167,2.0098141056048835,0.6576958842227619,1
18763.63948233315,0.7980232435982335,0.9484177019446636,0.601835043339628,0.3005482578587202,0
23169.12441942235,0.9669252524099647,0.7753232431293476,1.649035023071861,0.08618059869788927,0
17878.8081128444,0.8805655862523755,0.8924649050866723,0.773282001863201,0.21192324161424014,0
24280.234405291623,0.8157501312738902,0.6514878798082451,1.6502936769069552,0.2020168506242009,0
18095.98561706334,0.8322591328677024,0.9043916730179333,1.8589439881687233,0.06850911016038912,0
20985.398431025005,0.9987205221016848,0.8054273276640638,1.1524238541680212,0.07929315163589787,0
25375.679736036618,0.854281362790462,0.8661277614544868,0.7122426501284135,0.3445497464979401,0
26200.44801647495,0.8934346736350064,0.9339491619935193,2.015378927747054,0.06235615810207936,0
10358.461775520254,0.7686542523185962,0.6726537048894718,2.1086447426348536,0.17828589172890588,0
16339.50537482505,0.904652368180908,0.8517632978725804,0.27664898648349423,0.31793410764390534,0
17114.735202207605,0.946118876519815,0.8174963519465458,1.2324504680410269,0.1609513681426645,0
18941.371821229008,0.9050600543103338,0.6618476861999816,0.6079749841178902,0.2172923346018518,0
37816.78966959909,0.10936333150241354,0.2861903547666306,6.4989625604883,0.7527346888750702,1
10967.571351552988,0.9883590551077532,0.7489593718723095,1.0305759133718737,0.24972085668083918,0
21635.584522716166,0.8676618441278854,0.8804713534902133,1.151221351813899,0.07635878617694233,0
67679.27004831874,0.29203933675636695,0.1563522511266987,5.667037635988138,0.5736573772521968,1
14972.50896100837,0.8968380480302309,0.7284282913437377,1.0151443205400956,0.19785569036637823,0
37466.09861410319,0.357590206345198,0.30089454318043696,5.365076292543861,0.518043957702313,1
21142.00173627144,0.8094844577457931,0.9934182361964727,2.116828919241326,0.19381949456181125,0
20758.367717942798,0.8977083241588723,0.7883603980768782,0.5851792370304206,0.23236069968904954,0
51683.58948400349,0.49395990895731734,0.47432717739134056,2.5026527714738505,0.8657580810135461,1
78361.94068239121,0.10546414334640088,0.05268894255487627,2.8610656382317554,0.8641147481220848,1
14209.416553327002,0.9799756190072608,0.6704390281801276,0.4739075671910117,0.15329347854795264,0
17302.74600569663,0.7763736431040096,0.9037509001103146,0.6023311660257279,0.18037417687346183,0
15047.975095837437,0.9984764704500815,0.7102024202682948,1.3913926710827773,0.24460065230934555,0
14204.21601744479,0.7410705130349073,0.7462603833014168,0.7650913596869956,0.2971115301614197,0
65913.08158310593,0.022811106228621984,0.02712067092909548,2.178172975828889,0.5957560221761643,1
52968.84872564659,0.06293699616634876,0.1772245244609954,2.9746022876607707,0.9188689671786486,1
21673.418059489846,0.9839541876028396,0.6885703440023869,1.247713416925279,0.029863030299787683,0
69368.71750302418,0.2077492850295506,0.270631300437796,7.857666459454752,0.8978942566724264,1
66436.7476833284,0.37590510820018547,0.06938606269854858,5.414115995605623,0.48784021514562204,1
18194.451850727597,0.8086968979433046,0.7868327073536024,0.11711923280620459,0.003953744105370782,0
57000.06965011454,0.5011916474610214,0.22598821936052194,6.383923165761328,0.894157586925167,1
22649.551614206946,0.7033002101131726,0.7439258148654989,0.9498080736955231,0.2374126409946152,0
19352.148313091333,0.8185844954675331,0.9422419547343024,1.2324771132347996,0.16535722760126614,0
16116.631366565649,0.8427418615146176,0.8286077390566468,1.8929307904568893,0.13672763169505345,0
40991.58050002683,0.03972243427991484,0.36066827861695455,3.9154697396517717,0.9938815222027186,1
12879.290927417058,0.7234292239725789,0.7854353540304857,2.1615634558906303,0.0897690973770931,0
16592.2887297327,0.9163647467095253,0.8274575223867398,2.01011671050292,0.17967462778795437,0
60823.38602177641,0.36326879285005315,0.1658212235291795,4.414868121870704,0.8715416632071277,1
18094.905819161297,0.9239634358413149,0.8735920697703642,0.741505927761091,0.2075476253805603,0
17786.897019244596,0.9868339661237943,0.9362902270615043,0.19484751632888808,0.2538728548963206,0
21584.392753067503,0.8749046221360905,0.7548008125075703,1.0456498604840276,0.24847272969048817,0
15826.955250463034,0.8757677444374179,0.6953381500920985,1.600677395365108,0.038127596651240436,0
22118.897075026296,0.7378016363062742,0.7391926362849361,1.6374579230897444,0.057390467173245016,0
61666.04170195641,0.43593653755382084,0.4416676661414848,2.5596360522131225,0.6659104835371357,1
18719.067889201957,0.8305495576392906,0.9133404392300258,1.4168283843449925,0.03559750115307971,0
20589.801051427836,0.8581221393370206,0.8316335400145185,1.697774955622284,0.032541418567989755,0
23050.413996249397,0.8822481234834156,0.8625618742809369,1.542955037842722,0.17846606958588057,0
15073.450200119725,0.8099494529658338,0.745529034606982,0.5119707857950969,0.047004360552598545,0
27879.453435191364,0.7542999808412306,0.9215407482717617,2.0790775977433764,0.13154093870267156,0
56927.95226888591,0.08405878323923885,0.2384751582787364,6.286057585166857,0.8246352516920858,1
13896.55254929862,0.7659750852309756,0.9341953759320896,0.1758227853875413,0.1940940040794153,0
9039.43030133148,0.7598960212231964,0.9569294203054806,2.020378800605736,0.3028657062405805,0
17945.812521809636,0.9903253584018354,0.6671667731779011,0.9524460703348161,0.3424575918156735,0
25822.79933006806,0.8703036887975898,0.8166369957458273,1.3515258013723732,0.0066259413718362135,0
21483.08665558295,0.8354071132727664,0.697226266578435,1.0121037679857636,0.21735880866240984,0
17868.783206607157,0.8273824478515079,0.7042100299680567,1.9716414554848556,0.16202051425427036,0
22465.453153624767,0.9079350342555279,0.9222647212131876,0.372324483608069,0.013839564252626467,0
64416.703948284005,0.19756469077301372,0.09601527587296915,6.847853480436159,0.4671936356639622,1
48804.72788545079,0.25799242154430774,0.021490397731730948,3.542633119881358,0.5527075707904628,1
59266.270110787926,0.5467992346412287,0.021767482214861522,5.463248640790738,0.5921581039380117,1
17342.349984788685,0.8278367775454396,0.9741743741736294,0.8227026384913638,0.2565824296581766,0
14736.813537541759,0.895019898260063,0.9239452670641907,0.7079996273794503,0.05139312149304236,0
11945.60844860992,0.9567376003890509,0.6788641107044253,1.574073736421296,0.09224995971499056,0
30997.1324999223,0.25273513406202963,0.06918222809496571,2.071271793094267,0.6934527532717248,1
72265.63207508142,0.36807441478049246,0.37452321469812205,4.363369333551354,0.7635754669394459,1
17905.388429107366,0.7297149416213887,0.7328521653282349,1.106797657021961,0.23572869815370914,0
83540.61149808843,0.4210205604938482,0.1758122499658173,3.4062167072923706,0.8581044495281015,1
22211.13683872669,0.9232356471550861,0.6596750747183773,1.0211923239104124,0.10846677230910018,0
15478.294981026287,0.8370481578279503,0.7487361068793327,0.8976978756065451,0.27096663036294927,0
14132.276810877924,0.9210305460706161,0.9350670607108265,2.015440863874171,0.12922417633643163,0
19512.1776664858,0.8491125176871023,0.8879520922511094,1.4900825394952606,0.0025255424714403004,0
69318.85837125659,0.09850462654311007,0.15851334360821823,3.163596626578347,0.5265410170939901,1
40429.86587974037,0.22313035581817278,0.49089218423680503,4.324463053189999,0.9558717239389127,1
16069.494908960418,0.8067074581210205,0.758498884469631,1.1794141126384505,0.009960155773155698,0
14934.628271682283,0.9810010764907291,0.6643207265157791,1.4710662207332865,0.1433053839575978,0
21826.943301498308,0.9523555594678933,0.9108090297782752,0.10656611055319198,0.11060770708933604,0
16251.982348582229,0.8062081174801985,0.7688730485010039,0.9512273168204748,0.23727584186245487,0
13833.0575673594,0.8349045823926415,0.9453729987876236,1.3272820164297052,0.34582319899770075,0
83648.53087283198,0.5122752168316999,0.24428664464126315,6.555884793534793,0.7625569651620248,1
23348.597131605216,0.7487540370215563,0.8361997825403564,0.39583653892568993,0.11815283689465038,0
14692.412095256974,0.9824335214123454,0.7630230512052599,1.8149126131871451,0.12635448176779754,0
20212.772685320146,0.8861375717997583,0.9529916474036082,1.187343209045512,0.15492122605298053,0
11615.374582126404,0.7987858707967735,0.8301190263293359,2.160539733630606,0.25321712376397704,0
18061.859843517224,0.91553395426107,0.9529541507876985,1.9184849025132176,0.05778089045171413,0
10865.665386594508,0.7474988652751996,0.653987392469347,1.102701828831201,0.037419996412991374,0
63058.45975620975,0.007290833422164734,0.40951397554029195,5.196417550934222,0.6209945848696261,1
15267.857653419389,0.9696162498466814,0.8164415035936095,0.49538159810546856,0.21456075514708123,0
39954.62353456917,0.370164853122196,0.20250421670976593,2.5527597995941127,0.6759752844424602,1
20873.887117769304,0.7529968180716506,0.7367359348114313,1.9996067417554384,0.16229601500203414,0
22647.394610824755,0.9667137606983901,0.908899942650058,1.8747703358386127,0.21627807900322107,0
24654.5033016134,0.9889703237597451,0.7081325434316027,0.9473899110121896,0.1452463087942816,0
57215.674118289746,0.016101273259681234,0.2429071867419031,4.127503449735265,0.45331597599460954,1
20056.160525419225,0.7865322808441363,0.7730624721983193,1.936592531814224,0.25983239727251195,0
19399.449885573285,0.9219418077154162,0.8552790259747454,1.9409820755097105,0.2220834423000973,0
21259.44734471068,0.97033368242287,0.9940625422186526,0.26168721710446446,0.23709215382074295,0
76237.75919640085,0.36538015620087466,0.049422392175131336,5.488750239178842,0.7773151397891886,1
67270.48172435082,0.5307153601308586,0.4237846372572701,6.841158712328988,0.8664658613180778,1
94180.05544250933,0.32858345824703766,0.23834164493837973,6.8215788380829245,0.5872174975234838,1
17964.484926078847,0.9577299391064189,0.6585874098405435,0.22163791920722206,0.07638140684252244,0
20113.097806441314,0.8143636586797849,0.6941851622155264,1.0393434708786864,0.06816262933403829,0
12932.93970312327,0.9796335072814144,0.8030075360132248,0.42290629722401485,0.10138309557949617,0
18476.39033707809,0.8200949719232178,0.7575882670714349,1.179456295104092,0.004717744976504078,0
66582.34318862073,0.09970382808123907,0.21507593417795012,3.0039267851590434,0.6382112017068291,1
19939.96825854409,0.8712386536966897,0.7446975440613426,1.4853666024779684,0.0667054424169838,0
20061.34142521223,0.7765963237444432,0.7473130173410296,0.7620256315127572,0.00730536196272774,0
18311.081819701896,0.8512523234295555,0.9988946854432208,1.8987984568742915,0.16153739683419668,0
14904.869416791234,0.8767193504418684,0.7104321182927065,0.32445537345614917,0.18024755606251633,0
21363.350441634364,0.7296430334433399,0.9314172190022574,1.249544351720651,0.10583072488422501,0
11587.396580327848,0.8051292401077615,0.9473060250257852,0.42961946780504967,0.10033054313551867,0
14680.905223565194,0.9825008742475649,0.899762460338333,0.6356366316278066,0.3223017904391573,0
56837.84348221601,0.37260323921396266,0.18665539580211915,2.285446661651373,0.5527192552791212,1
69353.74988395798,0.3278684509895305,0.07043469408750686,4.884595535811831,0.7978546846414987,1
17240.841713579903,0.756060945430773,0.8128578169470717,1.9014360130634567,0.2937631879271931,0
14996.805694574896,0.8510574199118901,0.8490227531061642,2.152013461014026,0.24358937102607064,0
66720.73785650419,0.4251870225830355,0.38734242161635,4.9945228514887186,0.9482111065182461,1
21117.65253354398,0.7601721264218745,0.9042079407541894,1.7213842302145055,0.03050208151910474,0
18599.282532685127,0.9411887446643549,0.8661176969854867,0.7612357530280629,0.32690175948107086,0
12961.437030870815,0.9619923113346638,0.917929614874158,1.8401865750651567,0.13074398047441474,0
14062.208357383239,0.887595385572981,0.9446599275387328,1.8090003810045394,0.2162439210574501,0
72498.42924010327,0.5291485623030814,0.18718676226477643,3.7934620973838102,0.8628909848489908,1
16196.503450186166,0.9413732298821977,0.8228922695508004,1.3135717911674507,0.18030504842112144,0
14344.516474291933,0.9937990633412066,0.7220001088013879,0.25177523872315855,0.3378297020014986,0
20927.643776761844,0.9449420871138735,0.8986944808516435,0.6042610004275357,0.19186004079894897,0
20134.250076423035,0.9489392151143454,0.7920399467270235,1.783618853843273,0.01755676005762121,0
50318.02200572771,0.412534805092678,0.250302251564164,6.902536995502027,0.6330324827102306,1
24572.31794939519,0.9355128932811527,0.8695562306088237,0.7158878216194114,0.11561356734678217,0
15737.50304019982,0.9659547104379429,0.7166587493558727,0.32991936907261804,0.14093673544583601,0
17907.44365004259,0.7419498057045633,0.9350027803741736,0.5216422572418558,0.1264213856810653,0
22632.027805526206,0.8943117201742765,0.9929509041540987,0.837080591734002,0.17206484915185064,0
10740.870593747573,0.9610156255997865,0.9119929624565153,1.4728355315069894,0.16468441212881807,0
82840.58178720657,0.13498698923930624,0.17443047755136287,6.270623640246118,0.7158011311828062,1
14565.783838542233,0.9295766613617591,0.8832683676614734,1.5688659214151914,0.10557287086868367,0
14135.462014044273,0.9468321364004975,0.6607752159952757,0.9023261730003874,0.018756659257801376,0
7827.0835128439485,0.7398068582565513,0.8340933321660524,1.5379040450057722,0.20932503408918213,0
57216.17869196909,0.20204931334651996,0.25681249011679724,5.293018704777815,0.540094981696384,1
23818.24087019062,0.8571917360635726,0.9464674851017594,0.4478048659782853,0.14951175432057767,0
88917.14284104847,0.1399858277714052,0.42550259552569797,7.152413319159696,0.8822187391452379,1
18932.059878919204,0.7364955989487794,0.8003161881096297,0.45043131945915693,0.2911147726418528,0
73936.32439795422,0.47396841694382,0.38891842914774943,7.857853402015985,0.5942454643303234,1
13668.478082817752,0.9506234337964026,0.7011582667223197,1.2836362094720508,0.05562606350389331,0
20994.57312006735,0.89832670388888,0.8635206736168478,0.41011862119315234,0.20711965582858802,0
17721.337770695434,0.7373620784721228,0.8902489410742778,0.44693243426967566,0.04236895975987151,0
71494.16109983137,0.09417224193411129,0.17002848155020545,4.7518572704686255,0.919950738033651,1
21310.910401278208,0.9265255241325066,0.980022142613356,2.078617834526112,0.1361679132777555,0
52531.554588652216,0.07287240498023091,0.26764098197931485,7.063742201116817,0.54576120671023,1
17753.45657423454,0.8410494963475169,0.9203290922242977,1.5031171762992475,0.20250423256787084,0
17529.658059736947,0.7345397797625095,0.6583339735525695,0.5706026519929805,0.02682233673642237,0
23937.626303846748,0.9517167692469555,0.8518115692654831,0.9035944376619675,0.32767889819779383,0
16707.889605701945,0.7000393614592159,0.7573429040518314,1.9567552640487387,0.3025419083456984,0
21259.593300635854,0.7035683422752287,0.8028902454951902,2.100560035655433,0.13144464033381587,0
21088.257233030174,0.8432306723607936,0.9121867543242645,0.7070967121701112,0.2249234744314043,0
11109.433177760138,0.8784720477280376,0.8384207692713245,0.32215761094111134,0.01592129397941706,0
21560.98575694141,0.8066502734567625,0.9064276412948342,1.2075064941827878,0.1890244245504127,0
77682.27573411055,0.5230802177353093,0.12212657198497945,3.738578608673829,0.5766612710425568,1
17923.81364162257,0.7496516231061153,0.8203635937084047,1.115074492665465,0.2797724835724718,0
84340.5597146372,0.5401153234096558,0.3635158876722437,5.230095167932055,0.45626419219442754,1
13100.394035514735,0.8136121799053511,0.8557762975893513,0.47381873988064405,0.022706633374403817,0
26493.65976144196,0.9995724859217938,0.8212207109331581,0.4926902099886967,0.11523486927765386,0
65548.61937400274,0.37518628656956376,0.158175160800562,4.2796614846531424,0.8244053956735395,1
23035.386897265736,0.9704704656086787,0.8562014858547019,2.1343592826266473,0.34585397713692223,0
17937.035095695002,0.7852013179535112,0.6794931303134949,0.8748295910229217,0.2603056049687924,0
15784.356100689765,0.8974571899736008,0.9425920385347586,2.131423645340433,0.20480906647722427,0
15671.728566817184,0.9321884091616323,0.8145867214718685,0.12516742369329736,0.3332742120040352,0
13800.224965293251,0.7557167145638916,0.8234704213985339,2.0315154265671977,0.30094917183495423,0
13390.385619072582,0.7028227546613549,0.8641588683797281,2.015998359178203,0.3478156558007781,0
16324.154097026323,0.724476642715766,0.8426824996282489,1.444499075145307,0.134546932447413,0
18340.932213644497,0.9484845826041809,0.8199948382855611,0.5399938507474367,0.13048309633955812,0
16145.297025569409,0.7032631248044393,0.9508203707248575,0.17618444902503888,0.08505620523229902,0
24960.106341229046,0.8559834881815561,0.8277348717186717,0.7465242686070475,0.19054758056090743,0
22098.515465603057,0.8999732572982906,0.9345283677325112,1.472029101632976,0.26705782351504914,0
12251.483348204416,0.7184065972705641,0.8653375428442146,0.3358913609712977,0.1528687956206335,0
27308.53143280117,0.7306332590909944,0.6684440180603495,0.6424082499816949,0.17267571838891208,0
86981.6193392077,0.08282969529737694,0.4732202394052224,6.609230303316649,0.7138682314816757,1
21099.42865095022,0.7448781355631502,0.8351997758995302,2.0804811689538654,0.216251757302953,0
19224.56800657282,0.7770959021224866,0.6732276279170719,1.8034437257347735,0.25854547315424353,0
35288.777758111246,0.40667703030025426,0.13939178773895677,7.25196364882313,0.5590717295046761,1
22011.775699236416,0.9451270560432627,0.8266687270553584,1.1265002528623365,0.3172558784836232,0
39012.02998441839,0.11307602487412656,0.1704087108991036,4.782162569869941,0.5226762602295697,1
13219.3348737157,0.9517525196184791,0.9864222854847031,1.1389732057130495,0.34584725572427755,0
19871.16578425328,0.89834996236178,0.9790399757649143,0.2907428886630491,0.08112215588017671,0
20655.07396182551,0.9116111008919914,0.6841140799315772,1.9990624152402907,0.0009384842390746938,0
85104.94287428242,0.18092705888401206,0.27547433270775246,5.553959878563094,0.9380664207155283,1
12545.089994137194,0.8205657275164777,0.9548503188987303,0.13604621765569985,0.13320447792015977,0
20607.622674077425,0.9732440007417652,0.702965696137016,0.27061355755634964,0.1953675689131634,0
47919.834773378694,0.24858108708921867,0.05397023745340457,6.1173643078917985,0.5849529988603144,1
58044.56335063128,0.22665225106643155,0.3077675219406163,4.755366391827262,0.47493710685792395,1
16381.075893291561,0.9904781685587678,0.8672005198212887,1.63401726995939,0.25977056186466935,0
15280.535903070539,0.7224440735270626,0.8433669535658086,0.42934096694788315,0.10898094902042135,0
73682.4423721141,0.14458335875697967,0.25702509210939567,4.674859511789275,0.982770016063123,1
15148.84359850326,0.8940390635356011,0.9349272960019258,2.1106113095314347,0.08918826077675045,0
21139.386357175634,0.9875547695529043,0.8996180371994918,1.2148979499022614,0.3038193290240181,0
65814.8176693886,0.016700111542341262,0.16131382908567743,6.0333791485826795,0.5148273121036184,1
18941.255385848628,0.9356659737633827,0.9427254152939424,0.5636175049770688,0.26965437717778296,0
21288.309075631485,0.8013297531997778,0.9022097786262551,1.8793662874350014,0.10270224736005841,0
73809.42414026754,0.20237905444156484,0.27330850893211694,6.457470985653279,0.8177181223378598,1
82276.43049170096,0.002636005304432554,0.1001851132256329,2.9311091924467023,0.676150598029791,1
14399.885041417017,0.8655036823669484,0.7665489537807748,1.8518065514389488,0.29804698021203635,0
10878.168880117353,0.9699483763882728,0.9198391832636683,1.767211682348215,0.19126408467556485,0
18299.458128526665,0.9950922305384604,0.9382485853025185,1.906007869147067,0.08280872426423896,0
13221.90872990152,0.756918013390246,0.7344217056937798,1.6448971291903574,0.20761647820688464,0
14513.41284083852,0.7301969263293056,0.8233001976082199,0.5204517334221481,0.2912605069860241,0
20182.4521111161,0.7178543623037317,0.6723281059766841,1.311543267357276,0.33878143163611224,0
16355.938704941282,0.7117795275398513,0.8559059786447778,1.7011191157419887,0.3328488271901022,0
14993.471114717724,0.8276837691234014,0.7206413851434201,1.268512632435282,0.020586357538845176,0
81920.46053483756,0.3071923528184498,0.08970342000416986,5.924164796128229,0.45432135847495236,1
53441.14230414324,0.3456411583192678,0.4040643330977079,7.892431005707396,0.8103785818297449,1
18049.11524639737,0.8694172424233046,0.9535091191727956,1.4954058298512614,0.08898391145506389,0
14661.442259192572,0.7480122645392883,0.8869549967612129,0.5423060102233421,0.11814142041793892,0
18017.21303936507,0.8867049552537852,0.8005078062097616,1.4874080262714278,0.14676560975289626,0
18714.628166046914,0.7896206292871809,0.7436710396133843,2.025581730334298,0.26818921024772346,0
16349.903278348967,0.9576864517297048,0.8223490679873425,0.744862671575027,0.23929293852569752,0
18772.78078661454,0.7033276299051057,0.9348445346247589,0.605695783163617,0.19380242802426517,0
68546.70996260604,0.4177709672685982,0.12384323593077434,3.7138420763739264,0.5153158945219647,1
11680.902561634415,0.724589085306039,0.7579670800057546,1.8031095830567152,0.256207691681191,0
17846.82083674148,0.8675969600084512,0.8769748905336846,1.4908043854493673,0.08412357576933645,0
23930.25789136964,0.8759248341145864,0.7417244345092111,1.074544423095446,0.12500214785123512,0
18595.20167348208,0.7126461478211686,0.6520118910978844,2.0999911193040153,0.15479710056639032,0
64245.24201564908,0.11738852768449519,0.48790849657211793,4.701223334224494,0.8681451677644334,1
56330.67680726833,0.12494648802004442,0.38514761215304594,5.894301782098896,0.48788215437364874,1
18773.43856166009,0.8543471531109845,0.8368187285603913,0.45343321567064365,0.1459393923758937,0
78970.10548324848,0.1888916747575966,0.4193485620614426,6.74783714801434,0.6494958262812465,1
70693.72435249234,0.011351550476397722,0.3349001891881284,4.828292913350894,0.4588803838555336,1
21970.657901178252,0.7409390993119415,0.8781576254002512,0.44930396688920615,0.22577785594585256,0
30855.636364082166,0.28190685373399826,0.14964259590382611,6.798180615768932,0.9002856920650038,1
24125.66017213055,0.729415521036607,0.7023353294435167,1.5977859168089967,0.029008916032818337,0
20009.286554710074,0.8749928334173651,0.8398526766499534,1.0139649290917403,0.11414450096838745,0
11954.790188165724,0.8740825003633086,0.8441816284730119,1.6530161978713531,0.18308841382486324,0
71031.17704604406,0.29178396794424305,0.33366073673030283,5.655362395131187,0.8471641360938917,1
16591.405828653496,0.7286241175511169,0.991753662908679,0.1669914996091116,0.15361947120130984,0
22537.679135516424,0.7993203415046537,0.799613353890808,2.1922288808513835,0.02841203023357887,0
20748.89059694472,0.8610328995145881,0.711342564847826,2.1507814275571793,0.3378383000941707,0
22414.39128858686,0.7757832147194337,0.9144844277421289,1.3360094356881702,0.07945718911776194,0
18479.20979793006,0.9692271371298418,0.8721063340418902,1.5884745658337545,0.25151824797056976,0
15469.161576737635,0.7024673068096017,0.7526473454374824,1.292906236332554,0.1402000917237595,0
18376.47991999022,0.7948697641932994,0.9403257629707304,1.0250183794724832,0.3129847941357489,0
11726.98630706839,0.90835744685005,0.8314636972173914,1.167643641053663,0.011308578680109193,0
15653.975151562885,0.9992926341478598,0.8198708008375865,0.2278095197709079,0.2617725371526759,0
12199.769477686259,0.7894900898156713,0.6969243600284812,1.3460110375915058,0.2737025613544676,0
18669.840341155264,0.8159170468212472,0.8245682354508606,1.232745768599895,0.2286527257582597,0
16850.46941982117,0.8999159479395286,0.6831746397243095,0.9586930444251595,0.028887442069942867,0
23068.35114551015,0.9860344131022063,0.6953168630208245,1.5745995499655097,0.002345711970671088,0
23980.18888918802,0.9245558020277862,0.9892037109764278,1.5592535220065842,0.25739738301511994,0
17984.46635081345,0.9943996245370699,0.6986781020511336,1.4154492938795253,0.0626986232893077,0
20344.65425593938,0.9190101262934066,0.7220162647843357,1.92950302508381,0.2989011488667422,0
61919.73320271745,0.021685936634287546,0.2913442198865844,4.952220087602538,0.627143323446425,1
25428.89790935541,0.9037432449682328,0.9081028956909942,1.9489597424275729,0.2421221372874325,0
14279.395788628448,0.8830624000704475,0.96019625071486,1.3345312872269428,0.34487130068882804,0
12069.632549708269,0.8124980078239763,0.6740518019703072,1.5432491468348357,0.2950442953189143,0
31525.559387607027,0.4722389228482707,0.18251029779320493,7.681124442695372,0.6839854806994495,1
5163.701105422346,0.9909787632027198,0.9147766353286924,2.186377089246286,0.08076425646853733,0
14438.486588563603,0.7480028510521386,0.7960039701219336,0.9108058340723654,0.25287972761051136,0
27342.645645710963,0.7014822314682483,0.8421644889463292,1.8066825765208718,0.022978188299455603,0
18210.552651413374,0.9801782474660407,0.7222397725949203,1.6923402611970817,0.14667249981099328,0
20265.792556013752,0.8688545785150934,0.7131551729344757,0.24331953042117385,0.30691451872382053,0
23566.62472912448,0.8837693311377269,0.8635267756208239,0.2658194211566325,0.2934593028890004,0
21466.911643951244,0.9561186909738835,0.9378251273686777,0.2913561044540671,0.3047813684021111,0
12690.923984448877,0.8824878089526842,0.9035676263955221,1.6204431097510483,0.31161843169653775,0
34879.649954212524,0.40299505432447913,0.43201716495712317,2.4595292796037422,0.9575216685178067,1
23422.898109482314,0.7477061702354685,0.982058684720067,1.4171996741870831,0.3155722241959695,0
20550.677939718047,0.7557048002721118,0.9964868337808581,1.415950492983262,0.005477275160585032,0
21252.661436503877,0.8046455359127025,0.9909753876030934,1.104267909170188,0.05005804566482551,0
23513.91290881375,0.752253154995753,0.8679597821099851,2.0319315707274854,0.12485691401263693,0
67291.09777014246,0.35039763071651175,0.4995715868239189,5.612641800086299,0.7726788691897846,1
21685.630586183306,0.7569337372876729,0.9366217439523083,1.3533327954782843,0.11150871963377015,0
14686.15414247038,0.9024833867387901,0.7986794148235323,2.076097304365308,0.17451425926689637,0
19562.960350713027,0.736867874951742,0.7651223774192085,0.9334839314924251,0.016026862891158473,0
19174.81200937496,0.8861087122339861,0.6816394381928007,1.5211069772424823,0.34457298133994674,0
15651.383183813894,0.8271749932349215,0.7018418876544562,1.2794338370141436,0.32001657033244685,0
13899.862826768316,0.7202940881967353,0.6898291210992847,0.10561063116688461,0.18240604670358895,0
63699.68421782809,0.3484217509628784,0.3153697520176892,4.828055748875121,0.8635462997359089,1
15550.920769039494,0.9449230455360236,0.7874249672798439,0.22729549361833415,0.0332901940400422,0
19713.841508158872,0.8533493402196555,0.7343022004097723,0.9574482173427148,0.3239739387222618,0
18338.60358909777,0.8616967404280789,0.7875514495251132,0.8733023059860935,0.3309467884091593,0
17663.580551918534,0.8114581159173351,0.7695734850801789,0.6562217242245905,0.05472658404152106,0
20734.55558606862,0.9674891722412597,0.9332524859392988,0.7930875591499916,0.10538854574541218,0
23511.78415208433,0.8992865602626097,0.9125951137281149,0.33526508710681024,0.18045519418664743,0
23038.275769415253,0.9810737230322228,0.7454856834599275,1.0133410311541189,0.3483435103210854,0
29629.39535955544,0.9625476926057508,0.7437658208757338,1.8510108656340483,0.33273153078115913,0
67281.35445094114,0.5278666455717027,0.1813351849907311,4.820492075933538,0.9925432876143718,1
26110.973972700114,0.9367768766906085,0.9533495050853287,0.7338816265789034,0.19250555316297915,0
18212.310655789996,0.7369899392881281,0.6716896326174248,2.188461470709786,0.12145531833240655,0
84709.8290783965,0.5373751000409286,0.09192699948230493,3.3420593253546262,0.9693616042957474,1
91226.26073141236,0.45148541468860226,0.30553677607706425,2.9888099079790207,0.795775425858743,1
53550.80708027237,0.4124782271708778,0.4359915162500168,2.3689888566383983,0.5134511481893771,1
14944.096887576088,0.8216159946667775,0.9435821445510757,0.8123147127785394,0.25136892114685394,0
17103.642914425986,0.9003093293557638,0.913495581940532,1.1273635664134085,0.024030052901883547,0
14536.383621228499,0.825338561278507,0.7977648718505809,0.8875389578273233,0.25640029490609606,0
17027.49606990189,0.7144207416922332,0.6512658255153158,2.0245349868678826,0.3031296878690288,0
18576.647072604643,0.7933083537327985,0.8467962700500206,0.5049934203475993,0.1968353809203106,0
20446.43271850043,0.7012958123754639,0.9563213360274008,1.2114606063132565,0.32551051629424,0
19516.293739471042,0.8758699497671187,0.826368854860688,0.6528710173514904,0.24129700220660585,0
10470.05595141018,0.9010592085598976,0.9555916587119118,0.9678203812644078,0.04559015982052441,0
22386.577512680255,0.749491282161198,0.720852498044112,1.6929539473121549,0.08826840554009313,0
18825.106290025615,0.7635584632591063,0.9347009528493082,1.0951818279661516,0.33866893450436153,0
8699.00207581181,0.9902890889757978,0.7487806572316976,1.6422563603224545,0.04260689787409628,0
10192.41437086584,0.7702063803383149,0.851743644728056,1.4419899266170717,0.06001524521864424,0
61142.56113777731,0.05912172095218663,0.12395854873787615,2.5839237624655187,0.9319420831957286,1
18542.875932413877,0.8195506053981163,0.8756329402659406,1.753784943376992,0.3215374892297955,0
37147.94510816099,0.2611254721977837,0.0665448891676475,6.92940248721221,0.4661684655778343,1
12761.571559044096,0.7545603546679256,0.6611956624768809,1.4150422985680335,0.13240724412190874,0
20349.153959204075,0.7523011390281723,0.8146019019142262,1.5996400262955914,0.12464130851339754,0
16286.474677628863,0.8326071019254615,0.7383898942710867,1.4276018348625377,0.11427568481200137,0
17917.288646408808,0.9374727205719178,0.9361635628725226,0.15635370605972804,0.09270631926170797,0
17969.980841633416,0.9999230447392413,0.9058163113518678,1.59751262049315,0.10621270071837542,0
61604.205945672984,0.09517548573004395,0.36921502825808483,5.52503048490566,0.8237435848211727,1
56411.822729532396,0.10861358669692008,0.25491895430497347,6.098198157929245,0.8417950628410618,1
17550.367544894838,0.7619512282252863,0.8077511119638062,1.8917539737688527,0.08195202045894542,0
14210.83239136461,0.8331835894100127,0.6858630295665388,1.0236301946183084,0.3177427661186272,0
20989.06430814493,0.8227450571522369,0.9921739416680361,0.29219610333189305,0.004838988139743183,0
64434.13405672861,0.18959660706603368,0.04453438187996844,6.843233989136661,0.5263548754715703,1
52347.793372590255,0.4743538503345513,0.4047680852018252,6.686774087460498,0.6562676276816282,1
24912.614955819103,0.17578920688448837,0.29087805872350575,3.365219021662909,0.9863653219918287,1
13575.494492899386,0.705856672770516,0.8707416701062235,2.0909040380336235,0.34683297546559844,0
15083.25610658296,0.8925917815799693,0.9558192909191097,0.47072438986612053,0.18334754034121686,0
80549.50606787216,0.29795622997572846,0.27831534718153866,6.314641706941792,0.7332566719593641,1
39863.7930901834,0.28323181506902473,0.25498001348455185,2.2038844906776562,0.7059494295493333,1
12381.643607950653,0.8095269750298767,0.7013364771845086,1.062401565616505,0.2820686040160392,0
10809.190325502015,0.8674202039749421,0.7118134161510812,1.1109770585421652,0.12935892470198157,0
14141.865359056712,0.7399419920649097,0.8552269368842241,1.2158785474204399,0.2809580573377812,0
20698.02545192733,0.8079295092808786,0.8000160402234759,0.8392645957887981,0.05288984124664742,0
19626.06619491636,0.7053714045096031,0.6904985113490688,0.4445159824950846,0.16373399865006943,0
42642.34545092573,0.14519066700575745,0.0237726940496763,7.499566267893751,0.9859880274867789,1
22496.291843176634,0.7222104467590453,0.961978936469625,2.1725789145393946,0.32893006256519525,0
16985.565579993126,0.958744054678744,0.9680288350926776,0.697796658425576,0.30600411667096766,0
35303.30079183476,0.05512127462723846,0.39585773391747003,2.8996229111329095,0.9013526450057374,1
15296.97859291315,0.8565377439222556,0.9543971483725137,0.4310468052468872,0.34840679668133695,0
15439.160246145942,0.7687097230960706,0.8750073879652704,0.46766373432012964,0.00273759654936363,0
13669.241343652498,0.7028655187232434,0.8056280324211025,1.066384884433945,0.08410769685892724,0
51692.864645150126,0.06647831253395532,0.09094460133973647,5.298308358141987,0.5441705837916871,1
19716.580578466343,0.7421359947990864,0.9556760095075463,0.7152367771165355,0.05249246338706961,0
21770.98103263279,0.8953089656879465,0.9789165518766582,0.7182529394501814,0.12668351971743066,0
26372.482739138715,0.7258200066090671,0.9381369391181158,0.37284759938650447,0.043313925539153295,0
96542.59221064363,0.5101867413125766,0.23290411387251525,3.0989625081555032,0.5001794860339225,1
16273.217730989774,0.7248196166917847,0.7603331634691575,0.11022750743688191,0.3072026096036244,0
22178.20387223508,0.8985977730809511,0.6775802004453603,1.8906653597959708,0.2486045910153232,0
21934.68499014563,0.7144419203148449,0.7222687436167675,1.7717098609832858,0.3294984909964392,0
17649.898584088132,0.740732607914291,0.7318938700860927,0.7652249019268884,0.22153393571844687,0
25207.46087849052,0.7061267302009848,0.770581448158594,1.6476178659222422,0.25944316429711495,0
16674.43711721294,0.8090255331371097,0.9265487933182961,1.9189315198623038,0.08891125150614027,0
19957.73556399919,0.8785746545105158,0.68438345205784,2.05267008358435,0.10344723008561384,0
96194.98795400819,0.35295282300465597,0.026555502068167314,3.5606899302233828,0.6439708195281887,1
15303.912417149591,0.885852129744812,0.8092496550774004,1.7406484562040343,0.34356089818601376,0
17922.509053747526,0.9780205932239203,0.7469318879450878,1.5250305982053682,0.052738321081161055,0
15899.297605029573,0.8030928672918741,0.761107080676508,0.24252608583557692,0.3450170931078064,0
78338.93370237529,0.2869084003881518,0.43620372298542187,5.672626064742046,0.8611078755094828,1
16602.259954483437,0.9178767255346381,0.8511209448313695,1.206850923401951,0.28507705956477813,0
25400.261053465823,0.8018945494359082,0.8999613210138051,0.45000327989341704,0.2541111047194858,0
16088.326273170893,0.9352093786910307,0.7970193928105201,0.906088886372967,0.10326744086364198,0
17524.63527498525,0.9184835690159555,0.9598349294840585,0.5374137798493785,0.28961818179439125,0
19919.608584315927,0.9265463262809722,0.7010261479813488,0.9080155923023508,0.15826546221567195,0
16300.949788499978,0.9964390246580284,0.9017976588981633,0.9508384355841356,0.06342804387265442,0
40935.04612562737,0.33937477022556883,0.408917323908743,7.451357074831773,0.6699610150335411,1
17286.058172259975,0.9059871862887775,0.7118521340089904,2.002624634551571,0.007687860229708409,0
42162.36552819599,0.0660980116711396,0.0684088852827125,6.3292709419235145,0.5205369643113976,1
12279.035264732101,0.9319360987095793,0.8537827783699383,1.251541738560264,0.2810160969742206,0
19384.371065692445,0.9952369352244899,0.8081160277717468,1.9079881713841509,0.25643088110472895,0
15894.155088818337,0.7794620333256288,0.8199942732194508,2.1287249969738564,0.057986078026191226,0
21715.947638401394,0.8156204411606383,0.9032265010803794,1.6704390382914,0.11524057976161803,0
12412.339904004346,0.9960425819703244,0.8314942039901541,0.9676583386797285,0.2634457518483307,0
11732.886892137372,0.7793743245493684,0.8856995846495906,1.0023240644396285,0.14824125535675634,0
37630.336970118966,0.3502480631278096,0.4002961961195282,5.272491894677541,0.7188951380055553,1
44974.4896168532,0.48769954334369764,0.022187581980004534,7.707693302795745,0.9995181109581779,1
18255.50129131347,0.8569993200072337,0.9360431420374646,0.9260898106456643,0.29789004946855624,0
16954.22247937236,0.9571197664236428,0.9950781766532342,1.2435601866827823,0.17776850361664148,0
22655.559001716585,0.777258027095146,0.8465249769912951,0.8912406556850385,0.34622879282621705,0
14859.689051263082,0.8836330741866603,0.6611854079342523,0.14787750422528653,0.2561512646988061,0
16593.990549447768,0.8232022972474295,0.6977602697336346,0.2193687654203898,0.0738157247178865,0
79560.38045774729,0.29663636358500883,0.1964375497433039,5.50851935385788,0.7006767666363849,1
64475.903853847856,0.19537137194124526,0.4145335415159513,3.305911994562564,0.7446200540512016,1
98978.49863512174,0.2012380597075824,0.30330039992566443,3.018117206095802,0.6969577240549074,1
15185.480955057377,0.9761859085264072,0.9672042601764383,1.658159076682817,0.10017172085528299,0
20687.42851593003,0.7345894553671358,0.7545001902940345,0.493970427049646,0.3373476684163257,0
17079.26431803354,0.8020090522757832,0.7752821230405729,0.3338000690389066,0.15920739791611865,0
19868.281971072218,0.871050229051241,0.8008718796978627,2.1176527384405386,0.09931881120572379,0
18015.80425645765,0.7718574930638757,0.8221694694956171,0.6810052886439106,0.08947418386534146,0
55739.74366607752,0.12635502546783792,0.02977965708706215,3.683259408308003,0.7776027415967386,1
12126.512269604253,0.9290889544739162,0.7473217834505539,1.7910070367836621,0.1470889842119729,0
16324.301510478064,0.8904113017847732,0.8252813528252666,1.8053086938701925,0.08948029118743185,0
91761.97301179735,0.2279033295543111,0.037831850561162506,3.2988555690824524,0.7945934609295231,1
15680.15115016115,0.8908026426305476,0.7258958412394981,0.7737609477324264,0.23893535788783513,0
31544.07671962861,0.8356487829091724,0.960094990676257,2.0411356701357084,0.3138164643006333,0
103250.34967413914,0.22006409680335537,0.2089803346532384,2.6856235227803307,0.8162431587807634,1
24549.151717822475,0.9889392556067811,0.8695040309932762,0.39073746148123334,0.026056215777400943,0
21733.74250343414,0.8812305443422032,0.9187818596310191,0.32746762211027514,0.2897874421549124,0
18718.152448695702,0.8008543274106673,0.8624400868628076,1.9174125828369815,0.14593479126119338,0
8918.292001085863,0.7608902912822214,0.8624173868631781,1.0693246383344868,0.01006174063076352,0
20441.29539909107,0.7516936643872176,0.9621218710331996,0.2729618165788299,0.11516167684026955,0
10919.288657389334,0.9800336593403389,0.8242703933988563,0.6393208495137828,0.014704644343722177,0
53997.463877624585,0.1658339422112827,0.4197699361724367,7.950558022423247,0.6670906798762912,1
59298.37155545328,0.31937138311948327,0.06624102853934499,7.871274137685111,0.7760317362789306,1
58665.93876199662,0.34365422079416125,0.32683134770372585,4.347390533135931,0.9856887999290567,1
13476.769179894382,0.8145505301684621,0.9636215676755967,1.6029449538526097,0.2318583735024478,0
18845.203717727396,0.7282367549353793,0.7301646676000215,1.918867237912766,0.013649587982796363,0
12586.25810280285,0.7279486531615635,0.8816028218721487,0.3579248022833835,0.18980211881497358,0
14093.112505010507,0.7627121575110484,0.7230547735423494,1.959304571670859,0.34415800289252385,0
21884.616441460108,0.9454288963306616,0.7249375094790809,1.1214518164694451,0.038308846943925584,0
21367.066609181355,0.766462244576129,0.669468549111766,2.002689798485401,0.1683853350041036,0
75027.76957478776,0.19934230775972472,0.208197380759728,6.099521666304564,0.6036565913389244,1
18370.08573403825,0.7021793221573769,0.7392683019833771,1.5494704537666697,0.18737334123950417,0
96514.44851920508,0.02276723607947703,0.14022855145853458,7.7458547024774695,0.9121263517961324,1
53665.53847396429,0.33149885700265147,0.1590974546173659,5.399250572009728,0.542152682879476,1
16960.15635069918,0.7287988644868247,0.776324483865616,1.4709945178791346,0.1233161843483735,0
17896.107227256212,0.9407984586381088,0.7212361894337223,1.5358542834649778,0.14760712349394567,0
16901.803355849763,0.8664167347414565,0.7622474778744437,1.3779348807121967,0.2520420297317474,0
11752.907362667584,0.9207344706510676,0.6840741054066382,0.9966720155945319,0.13230343521564883,0
62895.29013423162,0.37809515847966324,0.3811657307048618,6.424433757310302,0.8090296735704667,1
18904.889105984912,0.73283821786476,0.8928216717806089,0.4687348478027139,0.052482107940501725,0
19734.801141285734,0.839288371305558,0.7251298186482379,1.5575150680712107,0.2911270097216612,0
13784.527928421863,0.7735039252991637,0.8720446414173846,0.960933886181826,0.006017501934325753,0
22245.31259095103,0.7971571014530225,0.8192094191465347,0.5058233331705044,0.34975511469809656,0
15417.373995831049,0.774503066156467,0.7610962861737247,1.8602522452768833,0.2020027219532412,0
46068.00507678457,0.5308840153128066,0.2453118462086376,4.776024424598501,0.5282272028266984,1
12386.103084508333,0.9805286539817999,0.8012178356437661,0.5926173307938386,0.13347720378523642,0
16346.044487463161,0.77544937075381,0.711984644507231,0.26753713311828964,0.08339001823394052,0
18684.311255038647,0.9389835587363514,0.8938013528693876,0.3058147602399026,0.11629299656008125,0
11813.700362175308,0.9375190316940408,0.7298848702445782,0.3751234500885532,0.014432970042208918,0
25083.06077833908,0.8024449905645769,0.9676622846126517,1.1449234641308288,0.10291107735400593,0
22726.939071415,0.7555531139632639,0.9053695033947888,1.7074335591328151,0.09690997981542457,0
45883.27255312764,0.21921799118254354,0.47445451717882353,6.175363645676674,0.540727676757924,1
71679.31147998395,0.038978126342226534,0.06587373323241702,2.7262852927255943,0.7626411683156886,1
52145.389244141516,0.5343295964921236,0.18512467285996687,5.0880770897290315,0.5567344903493207,1
26257.448646682413,0.7671083493983791,0.8691227882598414,1.5576896841309384,0.3364579024875675,0
37222.356663765,0.4001931810258969,0.3817327727249295,6.775602253737395,0.4601351403625231,1
13917.442901898514,0.9756658997826948,0.8731031653219877,1.7118628307223789,0.29588240285323053,0
49697.21487341795,0.26858325679547496,0.3610320325747566,5.837447913422978,0.592743325869625,1
24668.008651507713,0.7200316626598264,0.6925341686907371,0.7749029262369646,0.047781941564304264,0
31923.79288839114,0.21050221004686637,0.03105109650560295,5.656335720582121,0.8327875052958602,1
21520.649804838173,0.832793225494675,0.9442547015391076,1.4364722384479243,0.34416386354807216,0
59029.95303932239,0.29945929003373695,0.3782343220768969,3.769233018825801,0.7151098670864593,1
15616.83098515537,0.9085535506751651,0.9390013457921969,1.3527810578905235,0.24406621788671146,0
24247.701762272824,0.9027300541205705,0.9963583972222012,1.3300354243000523,0.29829638062311437,0
10033.273625846072,0.707265108871991,0.8197824801593597,1.633638770533605,0.19888429305550365,0
18580.861694210733,0.993393887403638,0.8173915465192046,1.3404121151375792,0.12909416692181871,0
57724.38128597391,0.17879061572376487,0.3882414940710714,3.207718457103745,0.8720743554600376,1
43972.39015718,0.3907200246588088,0.30062998956508663,7.377392647068348,0.5874015753226347,1
14716.210887267931,0.7367146968554144,0.7416783741152244,0.42356406338571706,0.2553860556528648,0
90616.50577940265,0.3835419901762904,0.2798789239360423,2.242677354366469,0.6109222351442183,1
17634.961209057128,0.955234423207445,0.6996092275591564,0.5762623980780154,0.09658717262813969,0
10573.436993189727,0.9290049254296464,0.9604558808499527,0.3232710168845241,0.058413401275423195,0
59270.459392344324,0.07443411444237785,0.3719857070914791,2.9314119141640136,0.583310155002152,1
59958.14101546961,0.13877152132057938,0.19460813961612428,3.8570724757573593,0.9296942519355247,1
21603.468058349958,0.8327792296332363,0.6758809715572184,1.7638263483259724,0.12803823938322137,0
21582.957675631267,0.703530259927242,0.6730962688375488,0.19420076105094386,0.018325432075730456,0
46735.14925788334,0.4048499150294501,0.08467330719489613,5.602068054422665,0.5740822136971314,1
16793.943217646745,0.8000436067094665,0.7559035122922608,1.8561788125148162,0.039550596121506756,0
68965.53907246847,0.006711148279693169,0.3999481188149987,2.275650708469829,0.6160440830551288,1
14659.270623520912,0.7307246331094902,0.9118990064397209,2.036825988410979,0.16742021124870943,0
19215.394280790035,0.8073485201696531,0.7667702655962629,1.7758527181150086,0.340803282787539,0
23193.46349734665,0.8983262895911198,0.7031756416676813,1.7379347867403965,0.33235692043770115,0
76280.95223006506,0.3356236750795347,0.31157212804735906,3.166947869805096,0.567803190084696,1
18160.809312470286,0.9343334395417755,0.8906622298743921,1.574115528528826,0.004035092207292401,0
24530.083178620185,0.7475565593953168,0.8613013813168737,1.857923429710971,0.27362081638751157,0
59417.00093391737,0.026644419116468483,0.25806932383853876,7.4417453697429,0.9872395352074808,1
81627.51519186393,0.20614727801373586,0.08868141106167948,6.434537194956475,0.9272248675642729,1
55710.36466619203,0.3516292754289205,0.2734354790161081,2.824023087619361,0.5294742383833293,1
55055.195742676144,0.24499778296016975,0.41323526839695374,2.774682095125513,0.6206121050392673,1
24570.742611913527,0.9556573064829048,0.9759566969104301,1.4493540062647474,0.08257924044731912,0
73775.49760408567,0.3247988045060405,0.33897989626924624,7.2793980134804785,0.5877669465075008,1
64728.47723214832,0.09527114950052842,0.014576959750427276,4.382686109426388,0.9571936384816446,1
18790.005189739302,0.7349630763709797,0.7581900617287215,1.4418153211808087,0.20901939222988117,0
90121.66091052299,0.18282415889763373,0.16639287879408088,5.390368667014538,0.9793495682831197,1
76981.66522985882,0.4096058563353379,0.3478676709833249,4.894966551753626,0.6888032084294268,1
19799.61538475511,0.9130875417386165,0.8249380780917177,0.14762064210842166,0.2432321237441851,0
81019.78687707818,0.03548459501277048,0.21516189529397006,3.3153541659958576,0.6042254195570889,1
11151.774234404624,0.9982771868993048,0.9234244859122955,2.0031077860452773,0.27680363094780647,0
70424.39350955642,0.09246087123917787,0.08988559542717206,6.213521167284185,0.6590302639761045,1
17829.597466538347,0.9231600043942071,0.7844939155085833,2.0193855619790693,0.25371347554122275,0
43819.88344107008,0.165395503928596,0.2541448417907976,4.948588049629802,0.5963621113702828,1
30131.525667454793,0.29884983985131003,0.2931714152875762,2.532362095977726,0.8181166021759001,1
54221.75631087685,0.12142090625902974,0.29101859054935403,3.953323521749274,0.6495201089599199,1
9338.87948096152,0.9802737512264041,0.786409004794924,1.3271542722016523,0.03979138498290265,0
17517.166469894037,0.99930235518918,0.7759362444912401,1.0637870925347936,0.01959232168340709,0
18425.03611340294,0.8987361367693586,0.8651355844983608,0.7936240619287894,0.015070008650672533,0
24963.709571063377,0.95189266862887,0.7925157151040656,1.0006468792686667,0.16308026989285718,0
17723.493403410535,0.7394369410819022,0.7184979872891224,2.1290262454924633,0.07551172535697435,0
14729.93852657107,0.9672777935181114,0.6776087370770354,2.1305449783331163,0.004551010542224637,0
64803.39226611736,0.037145280340193085,0.13893228105762145,3.3329829222479352,0.6419966519066324,1
18018.041883496036,0.7426096699444636,0.7457163822921405,1.4296047460842483,0.07731994128604788,0
87393.17517403912,0.023442927261577835,0.3354580900776585,6.265547515837652,0.536238212317634,1
18041.800203399733,0.9710580915237867,0.7574049952709045,1.8995163594658842,0.011376980413128922,0
21827.328429847803,0.9638744146569131,0.7950109346229756,0.4694442213058795,0.04081877332794373,0
18712.61165884405,0.9873933540893294,0.744705940685966,0.5492026952887875,0.06881947148461989,0
18330.536512268358,0.8247142983273694,0.6946877581683586,0.6567767088992277,0.04759200638365537,0
19558.515663128626,0.7061582319134998,0.6959613740198197,0.7898459256982319,0.3198582189897411,0
88127.42621981274,0.044066282184062555,0.45776347405081275,2.980648410992761,0.9627740540968448,1
22240.965351043913,0.7593872741579791,0.8731357071396264,0.722007162176883,0.12014220744805668,0
16924.726941588302,0.8797745805921763,0.6860444250309293,2.035241972975707,0.3324703014580411,0
48522.037899418945,0.019892902461045643,0.3499816002902859,6.042380948527891,0.8058515973310766,1
42878.876962920454,0.44715328999244636,0.17720685552952736,7.98728445724725,0.5036995666730347,1
12264.016122378278,0.9668315863053324,0.8424593851704577,1.5553125586002332,0.09358443774154306,0
71700.37462614273,0.02381578795294236,0.2786740993658006,2.9233699267031814,0.6447926161818622,1
26042.420378681447,0.8052778517539824,0.6768219670932047,1.253907755881314,0.19699371241948907,0
15987.872586745416,0.7887478688789455,0.793679552324054,0.9688328522531946,0.10821287979247587,0
20216.244612595587,0.7032727081009699,0.735980789814734,1.2036938117098046,0.1606890051236472,0
12481.33373292303,0.9416784014087007,0.7927373659354056,1.7117042691772153,0.2824132594287125,0
20015.052177587535,0.7507720015953122,0.6521961673289376,1.848925655925103,0.07284507025408435,0
51340.41199198723,0.28919356544559416,0.26851596237072706,2.1124489623434037,0.8508216577838741,1
33568.18474197751,0.8366178262109438,0.9838134161552701,1.4611759932108832,0.3219429237914524,0
20190.380688562487,0.7738632568010839,0.9357965755534492,2.063544083226813,0.2577646726542028,0
36810.23389599357,0.21390992946850462,0.42152429447988005,7.233073370835731,0.7646747747791021,1
65069.00007921816,0.33856442569803064,0.19189244825469642,7.027523625353983,0.8211323455311605,1
20098.699023067707,0.8895394125238517,0.8037933831287787,1.5975652346148095,0.3299207483742162,0
19875.29832292299,0.9882679281991729,0.8732597000190283,0.9493066723045365,0.3152801971446745,0
15901.61234381906,0.738001588557026,0.8523056947359863,0.7292036352090653,0.20776124650015168,0
20005.559662431053,0.9005332203924417,0.8836437423538896,0.9480106428386048,0.04299849343437321,0
21561.846794509234,0.7060826721132337,0.8750550694281161,1.2514870145497212,0.06488430861047591,0
60688.7463261407,0.4153314341203414,0.08062007853342767,5.452084445763212,0.7119021258117018,1
31535.27936775395,0.8680816964712686,0.920004398815315,1.767444972079184,0.33229245910369054,0
46503.84689791359,0.2899198811240325,0.09378783944014357,7.276197495573983,0.7051440410158458,1
21529.914472713328,0.8527757743142815,0.7816464689416674,1.899121818191445,0.031091266895511834,0
48158.968275623185,0.3131083874918471,0.3389837219493761,7.588877453140635,0.6129977786815106,1
23333.581898132205,0.7615975383541445,0.8400998887964095,0.9111870344515061,0.181964595948575,0
19831.62667629626,0.7747515582689876,0.6559322770500658,2.1737807603684463,0.1310524332162044,0
19791.98811103799,0.7708316709683831,0.9306997517029799,2.153851831124274,0.29596969459725087,0
107995.93768037157,0.010322077535343727,0.44163795898869873,7.86713619307057,0.47902867093094353,1
56977.420012052666,0.01337892894872132,0.3288183019792847,4.657220201011277,0.8724228855233995,1
94247.44168027728,0.4096775761594437,0.05409480679929507,2.7356295351654483,0.6625956116757277,1
27853.149737866,0.8602832938357222,0.6529250636324633,0.4139764992401562,0.0006787530105386574,0
21115.6095621677,0.9804248820173711,0.8785866215633318,1.9775929573329498,0.2704387926219841,0
17104.348552155145,0.7318043380312569,0.8673182594124427,0.26269993321709156,0.007245122583609497,0
16640.596684051903,0.7762045665710308,0.6681547054439175,0.8390012000422412,0.23209172490958946,0
18296.07212510381,0.7832929079009595,0.9573050018506961,0.26467809424066935,0.15825745790422546,0
21037.57092541559,0.7757916298263005,0.7048590972566863,1.195350717800487,0.30118435009641814,0
67255.7324161482,0.4760438093426082,0.3592929022615787,5.056023562297931,0.7605756195442934,1
25266.448341271673,0.9378725782349131,0.8651277126061564,0.7408173279820169,0.2248075023286505,0
15010.111681467204,0.9299158819761617,0.7680069125623268,0.26568730415632236,0.2775079964895348,0
44529.20487473147,0.33694996569744695,0.49167568982813237,6.3702645541014125,0.7766583815891879,1
17155.04129714406,0.8154407243542727,0.8952856807631633,1.1261877420818405,0.3239799548111146,0
19896.141509465357,0.9524348394668636,0.6991698623331805,1.99081386913233,0.0624604821705294,0
18599.484992189144,0.839703288704847,0.8780823418390591,0.3801949293308613,0.3268920956702844,0
20685.44366306324,0.8777208744830963,0.7622014898164706,0.9600505967032578,0.16637558486783968,0
24516.521729449334,0.9372425914650403,0.6707921597837225,1.2176342671686993,0.14677146387475334,0
12944.724758606557,0.741557305167368,0.8669351565751551,1.8565502912554421,0.320075262372714,0
23265.66336068356,0.979864480260478,0.6574630288667678,2.159491487183192,0.22783939419746144,0
19608.21947370376,0.9709136883325882,0.7353534693406456,1.6109781845615867,0.13004745892148684,0
20948.979906187265,0.8153317219409265,0.8997641461821946,1.0376597940715342,0.29558092399545516,0
21886.50389195852,0.7561943039993224,0.8079669805210539,1.5175448993502607,0.10260047972551913,0
23962.413020342156,0.7496275973926209,0.9802935129890277,1.1633063313238168,0.1524791219773031,0
33330.60756435932,0.22685906282018778,0.23122609607859274,6.552697883307946,0.7946525852436404,1
22004.56838281072,0.39858843053219695,0.16124861019824682,4.999054916029186,0.5697552286229779,1
48099.86746809913,0.3383039323230188,0.33428530621970426,3.7094481424904457,0.6218021056271208,1
79631.35945000038,0.4983766893126457,0.4452959504485165,7.952222024117075,0.6731983061471211,1
81525.37327392097,0.39003897378702634,0.038446643127866276,6.442070692348514,0.4946771744822495,1
22188.265213367107,0.8166322715393858,0.77271884529696,0.7155644419901144,0.14944375069656354,0
21025.212331905124,0.9720992997126048,0.6697953179167361,2.0268694367122153,0.08560091593676192,0
16661.14117572751,0.7392933747263273,0.9721471654800857,1.2813518996465978,0.022588384597699178,0
51651.9979250366,0.494194844364804,0.1957906936944142,2.6882046298815103,0.5524966542315003,1
75730.19257863183,0.028210544899186413,0.22205693539726507,3.2414863536105925,0.5008697630948947,1
64852.16611956986,0.07097468336103085,0.13966493783098627,5.719453202065543,0.8760639317957375,1
46690.314259577404,0.1199485379205492,0.2756500415816327,5.693685847935502,0.6788600102264598,1
25010.48273560019,0.8766328551281461,0.7446922800030006,2.1313586978244916,0.01720346441024203,0
24852.860731593635,0.7301775585669565,0.8130637973667924,1.0488493998705142,0.0062475056022310675,0
52446.00984907036,0.12052268644364265,0.4058329569526857,3.9009243387398067,0.6858620552087815,1
72835.31844381505,0.5233780775351973,0.22793403904972126,5.6337135871114095,0.6943445972487962,1
44635.5359093758,0.12946609212340923,0.03236266280225608,4.695916640761953,0.8337054102544057,1
55491.59904934223,0.08733760306589146,0.36944340747746446,3.7211685412312483,0.9096942717845831,1
14181.115574221136,0.7333017533494688,0.772782247658058,2.11633410917248,0.08038210928695205,0
38155.39233873555,0.01660779981084522,0.32394601058925876,2.2428071470179978,0.6039144727973578,1
53272.27080829137,0.0015295613327891812,0.028279077289229237,2.6582676048721297,0.9928270185436818,1
16622.159311427058,0.9287320744421933,0.9719458929267744,1.8338307301499317,0.05801955146310982,0
85635.54589801241,0.3143368495084512,0.15664210020444747,6.382345624904225,0.5501902209585472,1
12732.936341968822,0.8943645003410587,0.8313552674164154,1.173686392444189,0.2656740415413949,0
17312.369816922554,0.9892003390111813,0.8514458176293014,1.8190192104003076,0.24168637008920904,0
76734.30943923612,0.41202476718801995,0.3794090057512193,6.631551865075041,0.8436557771478148,1
22879.438244226196,0.8593441786390235,0.9268205864908717,0.5264524175147997,0.01668334683942445,0
19264.28224786371,0.9089187283543783,0.9978136422120207,0.2044266116436805,0.3347941581703842,0
17806.747006265345,0.736278347182332,0.858915311442076,0.6090205954918588,0.09414106199824993,0
26242.52162068074,0.7840834353696498,0.7094045509960494,0.48487213825882836,0.15470574211391883,0
21781.725771425372,0.9351661047018078,0.8262470699967067,0.35059746590652663,0.0368366087740134,0
69914.00300670213,0.30062834779204284,0.15824278477892006,5.180461640646542,0.8646698627423133,1
21215.679946475575,0.9927863153134897,0.963214257187622,1.1970462706202727,0.21013209449235884,0
16186.649144763756,0.7137624041810793,0.6575167866925533,0.1626047531021491,0.3016472726417221,0
22473.50770064268,0.78299091241855,0.9735944232550037,1.5428398597511146,0.06524711518495355,0
65831.78560824196,0.3543558066071171,0.25013547172380013,5.527432875135695,0.6663586440242568,1
87186.85320161436,0.3731918815741073,0.463002421180429,2.239869372863243,0.8612471517338447,1
20170.03601775147,0.8732740763000986,0.98490282893797,0.8380283856676459,0.29860986110248594,0
69773.43744866984,0.3507789843488249,0.3198239034719937,6.980621124964283,0.754392468910416,1
17513.8574975217,0.9518884964350304,0.8605047216823618,1.7304790837824537,0.3444690828437485,0
20190.282977575764,0.8131420984860668,0.8596414341781866,1.6969737033318903,0.259320389987515,0
16002.02216424102,0.9800756100681727,0.8110399686342856,1.2094138763864457,0.20538803481822476,0
17290.942129971147,0.8726620612320763,0.9871861443884433,1.3092918204162964,0.19863534733401025,0
84971.77463424644,0.28226369739634777,0.12296392612935508,3.016468297196883,0.9148256010863698,1
62044.05413007755,0.17665030609370316,0.14236240613052792,7.5092216206862625,0.5156702815748552,1
19701.339413912727,0.7918820870885446,0.6863082307424906,0.6069820934903274,0.018746514195580877,0
12559.786001032688,0.9054155278521301,0.8633588734305377,0.9090246459682463,0.25157398043139123,0
45578.9907487566,0.04362696487962551,0.20353338843214686,3.1133607303668205,0.5006903961666961,1
24339.393194525066,0.9478986346025183,0.9241445845338285,0.2726588122537871,0.09415836629368293,0
16117.219006323796,0.7052786373971848,0.875036628723044,0.7932061692079548,0.21117273897347477,0
20971.771776981877,0.9465776145191125,0.8897584101096636,0.9863663360614482,0.34520852104691574,0
23657.732391340534,0.7421409643359316,0.6502510223727559,0.3598761460667569,0.15718447430807547,0
13224.859250192829,0.7807268500006241,0.9148350395936939,1.453514432425331,0.19991309104948518,0
15087.53426766285,0.8994012445196471,0.7751890731224487,0.12126033482900939,0.3395679196794782,0
93072.5229023736,0.12283591520272433,0.35841656552361795,6.984601990895332,0.5493532684371584,1
78687.19833173061,0.1393818194796289,0.03979892108003741,3.4707127062788423,0.8341517537939406,1
15201.836181731225,0.7090600705749989,0.907184281487124,1.9709463041656496,0.19163551621404998,0
20756.103597814857,0.9984834015286508,0.7906387702113065,2.089942525971841,0.17140536627659253,0
11604.920459443816,0.9633860289138528,0.8714784729288753,0.4235754413361855,0.14076139125265802,0
19471.992934719692,0.9481455699942127,0.7173469337531362,1.2540539669380124,0.025769655400722527,0
54836.41760285618,0.30293219741832883,0.17514034872562512,2.8586318917886033,0.5049554618138496,1
45097.0370422688,0.4981495819062437,0.20428418073259264,4.415878094403436,0.5778815459207721,1
77915.83728792044,0.0689403798081773,0.16330627711581952,3.0110150083290734,0.9060829861858246,1
17809.20191494468,0.9295572872020844,0.950877310578898,0.16960812964476946,0.059887265946608696,0
79196.17303899363,0.2166706571813893,0.2667577728125551,4.11372194359568,0.738089021717979,1
78007.33675001697,0.27570959343946005,0.04811496257821457,2.3952030223598584,0.8618277663558153,1
16128.346168460039,0.9173178651258319,0.7189069888416433,0.5014459952355774,0.2829589535940222,0
40853.70782957546,0.26464144925402494,0.14889667233664755,6.04905290557315,0.4733499365185728,1
18698.336916929955,0.921796387795444,0.974844078394147,2.187233957496562,0.17707380485866,0
68151.9257078652,0.29659687114954764,0.200729556894077,7.556876363724048,0.6643863471581628,1
18184.847854305037,0.7481061418981244,0.7908415762860508,0.6810080820491999,0.3098710743159994,0
46124.14143403206,0.001126935288181319,0.49790925692003435,6.41296207942372,0.5812480564657962,1
12350.874689203556,0.810101376193102,0.8139062324461597,0.7144470376244636,0.33940297825504606,0
17903.824900359203,0.9849207958228989,0.820826787815586,1.2039734619726343,0.0010181838998410907,0
21495.920070564152,0.8244693315502731,0.8120932317010164,0.17460290723920932,0.18452162531457733,0
23300.539031773707,0.7091575506811805,0.8450353105142774,0.49703398271937416,0.09715482058194144,0
18901.58018079497,0.796190188237788,0.8613971895323499,1.981854139864497,0.02989267626522096,0
21471.736507648842,0.866021681342372,0.8606894934505025,1.8378715458145505,0.1803931118402221,0
19940.01930393254,0.9146065221630713,0.9634810119417465,0.36742395380470194,0.33042452476687983,0
16552.694189252168,0.8417299114518464,0.9790395158048566,1.105595968007496,0.31117828107709894,0
16168.567818728701,0.8802811582186165,0.8625504767498964,0.6534737153125604,0.049017897858130446,0
40047.97210890257,0.057988519081951635,0.043535113711441475,7.367960815022089,0.6645870545074074,1
76552.41056549271,0.27025774352469767,0.023561175658903033,5.1325515996030315,0.5346197139670522,1
71109.11164640161,0.17555717942689916,0.2653616279270029,5.588993749396328,0.4984601801219889,1
91157.32594774834,0.12822955610901315,0.27329679064257595,6.529207526557521,0.7119759821671843,1
79930.05669717725,0.10721923570854938,0.16308745343878067,4.4310279872749545,0.8052623971401798,1
15561.16627633432,0.9871178312504103,0.7217429312786974,1.3745274347161551,0.15193336147225295,0
24923.327144133058,0.7201443072607289,0.8754030799155017,0.28392227965124994,0.1756487074216181,0
13901.106455054985,0.9983027923006118,0.8032828974039796,0.21781990850755856,0.22658356109747121,0
43678.508029335266,0.047965099631000555,0.40400611187847235,6.069055155724797,0.6442952804858469,1
14954.007352901841,0.7900775813062835,0.9269899160980698,1.2948466889830206,0.11517188199565916,0
18086.19352507214,0.797523888374793,0.9175690180276899,0.2914241708572457,0.31409303092182117,0
14605.500842787927,0.8294323376450873,0.7234492815632075,0.5704714698009403,0.2038438229016019,0
21732.291844761567,0.8476173532931652,0.7713166099810215,0.30043596478694445,0.27272488964996094,0
49852.98477525262,0.07116548843848669,0.422915612589095,4.932871842062643,0.720041609406687,1
18401.421248977396,0.7265005429552674,0.8614702024045238,0.5060838795779392,0.17005134552135256,0
23437.096295898882,0.7910801433300974,0.9752962389379191,0.6526917008242391,0.291140361099039,0
98307.46036531826,0.08856353597133244,0.4737662584652558,2.1027988228124084,0.901258578651653,1
17122.17108896032,0.7120780216876205,0.8747957636510952,1.639356044652906,0.10799573252317582,0
24698.294337584513,0.4168045546555956,0.012943563843551609,7.870861531367103,0.642101137207762,1
78682.73641245918,0.1432835172677734,0.4433687401135471,2.3761111163053057,0.6983230668903785,1
17060.35311256081,0.8916034329746964,0.928528298921024,1.145547170539316,0.18614420054383235,0
22241.629844633862,0.7369597589549008,0.7960847963999057,1.7282345155218506,0.05340690728570973,0
71595.59278986446,0.2890392720710825,0.24411269062620172,5.447368365518326,0.6326504570645293,1
11609.789940287152,0.9681747932496563,0.9119031977195196,1.3006874809141662,0.2718971153243191,0
90366.5495021837,0.15200499612699236,0.14855367391660101,5.9441177385575985,0.7187762046940859,1
23244.560645746733,0.840975488065465,0.7997582450388623,2.022943847629578,0.07987267681075165,0
57640.51074629925,0.09279636023038235,0.24519008959406702,6.713779562739396,0.8489727903050031,1
28916.798763082545,0.9913236890103015,0.9899312906943938,2.0548391307841545,0.33307829635213493,0
89398.65992563605,0.3468241357569285,0.365695055909559,6.256146436436013,0.4832863142606681,1
14434.148592320586,0.7110663159611575,0.8523501190656709,1.7515501485792941,0.3126723005867059,0
25647.537487960675,0.764134768370215,0.9299183225803651,2.06398011176177,0.2696482436679999,0
65820.87377443162,0.015079705291319797,0.24250716910715175,4.549967932057907,0.8740028450917185,1
51518.65331987234,0.5261367999226935,0.22844259167780007,4.479288093720032,0.8860213218895667,1
26000.067895298136,0.8099596933781888,0.7017252350066526,1.171306008471836,0.03344525331816717,0
18379.342520988466,0.7586545202495203,0.7286305895867561,1.862774317975974,0.027487806998408835,0
14555.880738776661,0.8642836764278332,0.6807735214769974,2.1795340208844283,0.15198151012686323,0
15239.189340015879,0.8981923869576022,0.9047964254395693,0.7879856272111929,0.23570086853107552,0
15523.856007433069,0.9329924310763653,0.748964898852388,1.1290070798011127,0.07894534162350716,0
55902.22727186011,0.07514819471696271,0.41440758919762366,4.979368195772537,0.6342494123488833,1
82457.02420782181,0.17174812778016077,0.4085155584241393,4.340975298621904,0.9799415097320057,1
14119.109402577309,0.7690597868703496,0.9983362213432914,0.7786972875843688,0.27511691023148455,0
22628.064753218925,0.9267404367016947,0.879006587478196,0.4528449678431027,0.14315582593329915,0
21320.848122688494,0.978158806836539,0.8608161811738798,2.182880508580951,0.2711341829822357,0
56450.93188835521,0.3264798355863651,0.3088927114665425,3.361878384860738,0.6878928041851126,1
10333.705444583651,0.7125002136803592,0.6752037218486918,1.3905261528892527,0.33379319450858624,0
17547.20097475317,0.9733471619100291,0.7869940118114045,1.1741731121769894,0.05818871630326716,0
74251.30864010178,0.4375244824157383,0.003959668678330586,6.806087349335447,0.7816024683939167,1
16312.739232682246,0.8970671746161738,0.7385743848276849,0.3263112427797529,0.0760818681978434,0
23882.45940716745,0.8338415192825736,0.8741087747501961,1.3660459361212371,0.099054963028267,0
14584.73695656361,0.8805472315613716,0.9663891228066425,0.9037191413693139,0.3101312119142224,0
17229.04521419353,0.8612803743024855,0.701188293502005,1.0045717481744025,0.23915544334510505,0
16486.66642252617,0.8869500228421103,0.723702909672003,0.9098441002112049,0.308598983748863,0
15362.474743368442,0.7854311257348172,0.7017199523521563,1.5538060748488647,0.21923642600723142,0
20201.79379770904,0.9566203783844573,0.8559445414670409,1.1259267174545704,0.26146854865036534,0
12475.181575879018,0.8354489706384479,0.728219121358763,0.22871115458720892,0.3110319009547951,0
25010.942905215918,0.8334481349116936,0.9566920933633021,1.9989330013872195,0.12818510007729386,0
11502.56376820961,0.9218114583497027,0.9166728358789114,1.205543620686818,0.20273201455016,0
24288.6594636566,0.8250402710271278,0.7080066871410758,1.355518787524915,0.08680469170593517,0
18996.22339951575,0.9956999928175552,0.7902700144584702,1.043942457614642,0.20749656569901748,0
78370.93506228676,0.20899333824312175,0.13132807086036008,4.042750377955355,0.7602472044851247,1
10314.956937492152,0.8874175541352917,0.985208506452045,0.9420976460476047,0.09095454422401746,0
61268.11384509976,0.18390011208478024,0.098625015292222,7.82966608123693,0.8532978420879176,1
43597.52521878212,0.1368179885553745,0.3208591174952604,7.675273102718934,0.5602559342461948,1
13703.520869872984,0.7116549583666902,0.9692032992883615,1.7855253863384497,0.23142582826838223,0
75627.10753370699,0.1503690536250095,0.22821536492249217,4.499314086540731,0.570558791416794,1
20158.663693879804,0.83004000560233,0.80859315721043,1.8712952365032043,0.33668585730154665,0
19833.631736514344,0.9821052918057301,0.792985386920033,1.8200007106007223,0.09855782491177545,0
17619.03911890599,0.9815398719736026,0.8443045590625038,0.8018090518161843,0.12346795883500979,0
15791.663818535315,0.8030596762743215,0.8660112185347948,2.0827334329475256,0.11798635585400633,0
11989.814568602298,0.9331498461089663,0.9936605016542087,1.786386765676115,0.0694911436368322,0
19737.597795803777,0.7052693150133216,0.9067028903884875,0.661303848325998,0.32290569703492494,0
24520.57122027316,0.42607241155993014,0.21607292324896255,5.2864408677474755,0.7445632207979744,1
21587.40954686921,0.8322686123155483,0.9516255487817457,0.5336187026903246,0.060720259389935825,0
80579.17463514849,0.045167089784404375,0.15146775199868218,4.827248864986296,0.8006845224467619,1
17198.359768332666,0.9131316468863167,0.8194030911406502,1.2728481425423792,0.04799253935184091,0
52876.826440932724,0.36077481880513557,0.3733187261164881,6.811815738699494,0.6735395356545651,1
10387.667991629409,0.8086104922129769,0.9890878192533716,1.9382758777908304,0.2892619169398348,0
100047.58276661535,0.21268561438930128,0.2782617528771113,2.7470334054198284,0.8545646361155876,1
65750.05632889274,0.20153572511377255,0.06716144364651677,7.8857037867288176,0.5294021740671627,1
45920.859177945575,0.2802454458863117,0.17571177750509437,5.621412581235437,0.8038004204431484,1
20247.652408652248,0.9756163020395046,0.8151098139991639,1.750953629621012,0.14135154669552302,0
35854.5814299911,0.06891858064520598,0.3329385815571482,2.0673889647763284,0.7015044849480396,1
18491.38898810599,0.8476837976104575,0.8194190042041645,1.1632093221641988,0.06737788936184108,0
65431.18938094262,0.39781184634838707,0.4981680815967185,6.223983317612119,0.6552098869541068,1
14220.578051240458,0.8137876190728307,0.7130623308490135,0.313103677155513,0.12674470747016278,0
18591.18038754234,0.8012414567680995,0.8748378151782004,0.6599779088630854,0.2958358157213463,0
49313.54609500675,0.3201042401372158,0.3959130203260044,6.544381757831365,0.5109947737092857,1
62744.3710568409,0.03519944643140516,0.31164433823707965,5.143337547515537,0.7781724496070521,1
67772.27646813882,0.5071372121757727,0.09021103603022984,2.3261706968453817,0.6225011504557328,1
15424.817868254157,0.9563692908101109,0.9574091458050691,1.9217682724444451,0.06488132672646267,0
18482.717130655627,0.7856101506236408,0.9550291453126937,2.087356721991427,0.111572772256194,0
18192.04480551992,0.8497580577882671,0.7175966692334474,0.48711427491627945,0.18179258833968315,0
18905.51641134012,0.8595093479295286,0.8743339284434598,2.092442557091789,0.21370808471792438,0
49043.810422598646,0.08548942158718904,0.07838669482295313,2.30270698329977,0.8143885049574977,1
10481.273086556705,0.8540120880879034,0.9611718607033839,0.7232673212000068,0.14000238393818024,0
71383.97635183581,0.3530357427219347,0.1471349575445557,3.879201948939559,0.9338984281911844,1
11786.215190885889,0.7677428413620425,0.7274720400992102,0.10041959915152382,0.2532738040829426,0
60769.41002866179,0.31125374544525475,0.38927626674952676,5.011871100744603,0.5802780071765974,1
71580.70345149243,0.17660247342757704,0.352206888984897,5.670607189088939,0.5780199918947737,1
14651.630109792732,0.7976559702071722,0.7281763081822862,1.5488715278918792,0.13462468160549454,0
21552.289547744585,0.747174247194709,0.999986889364501,1.487559603745838,0.10051068573015212,0
18445.458908171346,0.8492222972143054,0.7154121737577358,1.943309677709885,0.07125665355578246,0
15920.254678640322,0.8474903893770391,0.6671682821399718,0.2698211296109027,0.231793655677448,0
70760.96601279102,0.3675933522901605,0.4858885153472185,5.160680894130902,0.9179390919399157,1
95935.98356198249,0.0781990924827925,0.47525391006865453,4.928750606799493,0.661047855615448,1
22934.29351172707,0.9692940012380242,0.7719190053380367,1.6965456078174042,0.2901767385178684,0
13340.593828822053,0.8141950696016321,0.9013506600503696,0.481886434074298,0.1013682106145262,0
19665.263917305125,0.7768940405050638,0.6840467134281819,0.4887849914955854,0.2996527194562592,0
26560.669645701422,0.8051475807235666,0.6752859378730272,1.427068875644585,0.3450699291893016,0
77448.49131536462,0.24895242846028204,0.14100176359421346,6.841341620632054,0.5867292464965235,1
22096.5849328435,0.7329231000503628,0.8487114852969861,1.4570749700497896,0.30621045459550394,0
13421.14051201602,0.9311608897732419,0.7928505833684134,1.7825247797006132,0.10807897667670863,0
24925.63057229364,0.9955074680804232,0.7425809258614482,0.19147206646461998,0.3432388204238226,0
15660.995314829896,0.9630544402160071,0.8611833856092971,1.2066826439047411,0.24535111137222954,0
14556.520405608244,0.736006815174188,0.9123434905190668,1.08766487801415,0.11713211855993637,0
11416.300486690217,0.9451793664998012,0.8972564880246641,1.1226840459019571,0.0777823438739989,0
101965.40789086056,0.21107018056779064,0.3410744358493086,4.31037881516493,0.9005627416957155,1
20936.15334857082,0.837249965324396,0.888125335803485,0.23334890621845544,0.28590246511304296,0
13992.813523184366,0.747424353333922,0.658110425199041,1.932193618553854,0.09493416160085821,0
38028.58466518004,0.4095857067354372,0.1761601098587891,6.472457543906838,0.5394654544560046,1
19339.192865547117,0.7743497645684899,0.7672798949128256,1.5188948942569127,0.2626116764195727,0
18748.803774045093,0.864565254448167,0.7907956861488585,0.6723887189940729,0.2767737597792674,0
16492.617012208124,0.7956684220079144,0.9065903743092653,0.2633816625586567,0.2182933373395694,0
19317.91654728449,0.9482926573673313,0.7642250775023778,2.0543370654840643,0.0805079201903367,0
17219.579111846506,0.8157866503382605,0.9426168643571639,1.4876350726767293,0.26405704593678014,0
26443.094325635815,0.9558203248788106,0.9111945676609917,0.22395449488741362,0.27446796151253355,0
24154.886187205237,0.7915119514210064,0.8748987373236055,1.163624523661447,0.0368872038093143,0
39949.854923054496,0.27997437440372414,0.1753943139248597,6.240201721553993,0.7538520670252679,1
43059.13551530482,0.3021734730915223,0.09356393030666232,7.863377833524401,0.7978015635531525,1
23366.36992219678,0.8078370155032948,0.7198602077992035,0.40985466842669194,0.25860329004727856,0
23322.75269484781,0.15139427828003124,0.3846865162078782,4.890816551505974,0.810419890164978,1
17666.559867022606,0.8141868058571207,0.7480916842372594,1.636709376479244,0.04019034325622103,0
46865.751458517916,0.40079081080314954,0.2076145621266801,6.934025780931441,0.847054383058845,1
16051.701803616495,0.9034114544115732,0.9152866251734253,0.10326682160164224,0.20172580657232034,0
68695.43162655171,0.44060167723795257,0.27017609190527264,5.4391526950295965,0.6130424172180883,1
21586.371399142,0.9554893150130106,0.9992916945916672,0.48179504078259316,0.027375251124083396,0
16961.437825836074,0.8917101241873711,0.9093038173963737,0.7041903281602173,0.2088009327547861,0
78094.32813718994,0.29716744312675836,0.3260281495995332,7.92303860560226,0.9819360988727166,1
19477.602992917185,0.9780981909040852,0.7254928270711813,0.1775771237128367,0.28113400038386444,0
11135.81138263686,0.981450678081307,0.7153388290006962,1.331632406305555,0.05099381078882467,0
21631.850656132585,0.737201105301895,0.7527603011214169,1.29894616335212,0.3196664588120959,0
86844.92687450073,0.30211538863466814,0.19342036770368287,6.158633661437398,0.8545694851320964,1
21288.461587673202,0.9746973221612372,0.6779974805128425,1.1301733342257538,0.049154293250158354,0
20588.537638602775,0.7240099218098013,0.7074511649944453,1.24101997855832,0.22647102556472018,0
12389.35910035004,0.7419562750340286,0.7117691920444559,0.1433326776353748,0.07987602474569683,0
21744.456102908534,0.8317090040147489,0.8048147453850556,0.17809905090021314,0.2582387363254327,0
18464.091798444588,0.7315768016180352,0.9652570716929799,0.7428133855083383,0.3070533041997488,0
12946.05429074805,0.8789346197258443,0.6528679266192557,1.7866001699944805,0.25707267540583223,0
19067.034858447547,0.8048349682034743,0.8590499365363307,1.0929802120017509,0.11358160436880303,0
51675.24306126042,0.06466989811143047,0.0006483829880313263,5.805009405406464,0.6848600757173267,1
58352.779557602415,0.5307670306872992,0.41934701884430975,6.6422886206954646,0.9659287230796827,1
16356.679148324958,0.812170711054991,0.9479260951932806,0.5996119912126124,0.23286244461612804,0
24309.11071559007,0.8928867181656057,0.9331328236139889,0.7017866083266898,0.3077912445150358,0
16189.408295547639,0.761709338179268,0.7320772748085079,0.2641706269552198,0.24954640949590626,0
17804.687753806604,0.9543107984707216,0.7086377288867948,1.98297687757668,0.11705239140695245,0
17908.14848910379,0.9746742565378002,0.8308836876715766,1.4509944598667939,0.30505736946541,0
13897.487331436663,0.756662619225817,0.7082615908486208,0.3933923113172323,0.20906736529794684,0
48280.74378857603,0.05925020381047819,0.3725377181593282,2.8820164718148775,0.759895156119502,1
22109.14298802139,0.9099037243883935,0.9860086975646236,1.2079688489592961,0.006834918377499749,0
16381.598911574452,0.9480491092621194,0.7281767031087086,1.102700044498925,0.23094365449044982,0
49973.71503166466,0.3839626584111629,0.1893592638149168,6.9240986763604155,0.5322740918209432,1
23288.70059168848,0.910727725756068,0.9099115071729167,1.851966892025433,0.04811293133070771,0
15033.351449483565,0.7051290488479751,0.9786065019521257,1.1141167224836326,0.11071904870839629,0
12824.719807752399,0.763908730263063,0.7069193604358855,0.7887281399429974,0.19340572056522223,0
49382.15085603752,0.3917811616256747,0.44053706860378616,3.3998988321503454,0.8447446253648587,1
13721.78416372391,0.7336219155589055,0.974124349831462,1.772254551084641,0.07151534906300859,0
22725.02361555195,0.9300897085211668,0.9907148034614488,0.9318668443857423,0.2804066756895668,0
20169.37251875641,0.8358316104276171,0.65495515802683,1.196632109794077,0.025079967717634294,0
18060.076358745166,0.8869742983325182,0.8848103824561784,1.7049233125278613,0.16319189987872432,0
81560.56759375021,0.14678743128662833,0.3208935910351951,5.655431559921327,0.8819140767819447,1
21467.680351540082,0.8211602887372551,0.7971384003229318,1.2947575871390327,0.022152000955351518,0
15306.553174977424,0.9083551055158434,0.9254481920295198,0.4444946921960985,0.21993501538915702,0
19555.468268403514,0.7390334759557236,0.8281384125018663,0.6998936720620919,0.06561112963989056,0
24823.997379437882,0.968394952837425,0.9945612427678685,0.8848327655409406,0.11901869596678114,0
19910.990332128258,0.7253102272775471,0.8535124426572114,0.9719958201572076,0.33855064250627304,0
23734.83108004783,0.8082745403048739,0.7675764179440315,1.087315789163852,0.08608073669736696,0
14769.06533961103,0.8670091289863756,0.8525969872501541,0.5873209857252669,0.0530928282880212,0
8194.895173907767,0.9750464239852838,0.8070065156596955,1.8957319445330307,0.2405332431522023,0
6580.439866929075,0.9923063897644531,0.9877601853149629,0.5223717992328236,0.10604528045928677,0
32157.40466898935,0.8676725587411105,0.907309871314814,0.3161619632045073,0.3488884898528091,0
94679.29057866048,0.4960405716425475,0.18919666740444224,4.030471580768535,0.7190476374715904,1
20446.91330099057,0.8500199932246559,0.9601724336634965,1.713124209876733,0.08029267589159539,0
16507.292100093244,0.9147278959564916,0.9679430872554927,1.5462793979155773,0.17600858390175025,0
15655.886975489917,0.7577569231668492,0.7301934705845066,0.7253388960364829,0.012048450172471435,0
56421.588988232324,0.43143041547730054,0.0011402092262699504,2.5900921280952485,0.7836924727351776,1
14584.72645181961,0.7079378675142429,0.9214064611527053,0.562364019584896,0.21404001361513122,0
19929.077920282576,0.9688439094247214,0.6724916434930692,0.2667333286579057,0.013528998826230664,0
